Genre,Number of Games,Total Players,Average Playtime
1623730,0,"50,000,000 .. 100,000,000",3789
2694490,0,"20,000,000 .. 50,000,000",8095
438100,0,"20,000,000 .. 50,000,000",4418
892970,0,"10,000,000 .. 20,000,000",4250
739630,0,"10,000,000 .. 20,000,000",2375
108600,0,"10,000,000 .. 20,000,000",4250
1966720,0,"10,000,000 .. 20,000,000",1371
3164500,0,"10,000,000 .. 20,000,000",1574
3241660,0,"10,000,000 .. 20,000,000",1092
284160,0,"5,000,000 .. 10,000,000",4785
1229490,0,"5,000,000 .. 10,000,000",1489
844870,0,"5,000,000 .. 10,000,000",1672
671860,0,"5,000,000 .. 10,000,000",1488
813820,0,"5,000,000 .. 10,000,000",672
355840,0,"2,000,000 .. 5,000,000",1408
1203620,0,"2,000,000 .. 5,000,000",2376
1832640,0,"2,000,000 .. 5,000,000",263
1366540,0,"2,000,000 .. 5,000,000",5070
387990,0,"2,000,000 .. 5,000,000",3231
1363080,0,"2,000,000 .. 5,000,000",1088
2479810,0,"2,000,000 .. 5,000,000",2631
3097560,0,"2,000,000 .. 5,000,000",274
838350,0,"2,000,000 .. 5,000,000",4739
2399830,0,"2,000,000 .. 5,000,000",10949
1372880,0,"2,000,000 .. 5,000,000",0
302830,0,"2,000,000 .. 5,000,000",540
736590,0,"2,000,000 .. 5,000,000",153
1371980,0,"2,000,000 .. 5,000,000",1028
3070070,0,"2,000,000 .. 5,000,000",1537
1476970,0,"1,000,000 .. 2,000,000",15848
509980,0,"1,000,000 .. 2,000,000",437
636480,0,"1,000,000 .. 2,000,000",2026
1241100,0,"1,000,000 .. 2,000,000",246
809960,0,"1,000,000 .. 2,000,000",133
834910,0,"1,000,000 .. 2,000,000",7460
2012510,0,"1,000,000 .. 2,000,000",182
1987080,0,"1,000,000 .. 2,000,000",456
1307550,0,"1,000,000 .. 2,000,000",1266
1017180,0,"1,000,000 .. 2,000,000",788
490220,0,"1,000,000 .. 2,000,000",4954
625960,0,"1,000,000 .. 2,000,000",2322
1062090,0,"1,000,000 .. 2,000,000",2514
457330,0,"1,000,000 .. 2,000,000",216
16900,0,"1,000,000 .. 2,000,000",1161
230290,0,"1,000,000 .. 2,000,000",541
655500,0,"1,000,000 .. 2,000,000",7657
2456740,0,"1,000,000 .. 2,000,000",700
450540,0,"1,000,000 .. 2,000,000",2563
1022450,0,"1,000,000 .. 2,000,000",1459
1206560,0,"1,000,000 .. 2,000,000",1509
903950,0,"1,000,000 .. 2,000,000",11038
728540,0,"1,000,000 .. 2,000,000",344
1810580,0,"1,000,000 .. 2,000,000",1634
1789480,0,"1,000,000 .. 2,000,000",2534
707010,0,"1,000,000 .. 2,000,000",2036
558100,0,"1,000,000 .. 2,000,000",413
347560,0,"1,000,000 .. 2,000,000",319
1226470,0,"500,000 .. 1,000,000",132
1025580,0,"500,000 .. 1,000,000",7477
376210,0,"500,000 .. 1,000,000",6475
2141730,0,"500,000 .. 1,000,000",278
485310,0,"500,000 .. 1,000,000",326
529180,0,"500,000 .. 1,000,000",3027
2406770,0,"500,000 .. 1,000,000",410
1898300,0,"500,000 .. 1,000,000",1521
337950,0,"500,000 .. 1,000,000",102
462930,0,"500,000 .. 1,000,000",472
716350,0,"500,000 .. 1,000,000",518
332570,0,"500,000 .. 1,000,000",1415
1139980,0,"500,000 .. 1,000,000",1137
2163330,0,"500,000 .. 1,000,000",1059
1213740,0,"500,000 .. 1,000,000",426
266430,0,"500,000 .. 1,000,000",63
991780,0,"500,000 .. 1,000,000",1468
1088090,0,"500,000 .. 1,000,000",1463
1029780,0,"500,000 .. 1,000,000",2149
557180,0,"500,000 .. 1,000,000",547
2378900,0,"500,000 .. 1,000,000",615
424030,0,"500,000 .. 1,000,000",1847
753650,0,"500,000 .. 1,000,000",496
774801,0,"500,000 .. 1,000,000",1103
2135150,0,"500,000 .. 1,000,000",2081
2142790,0,"500,000 .. 1,000,000",2051
252850,0,"500,000 .. 1,000,000",174
372800,0,"500,000 .. 1,000,000",321
2437170,0,"500,000 .. 1,000,000",1648
429050,0,"500,000 .. 1,000,000",983
941460,0,"500,000 .. 1,000,000",292
2336220,0,"500,000 .. 1,000,000",2505
362490,0,"500,000 .. 1,000,000",893
382310,0,"500,000 .. 1,000,000",5316
1471410,0,"500,000 .. 1,000,000",579
598980,0,"500,000 .. 1,000,000",362
302590,0,"500,000 .. 1,000,000",569
954850,0,"500,000 .. 1,000,000",887
375510,0,"500,000 .. 1,000,000",212
1180380,0,"500,000 .. 1,000,000",911
1182020,0,"500,000 .. 1,000,000",370
2088570,0,"500,000 .. 1,000,000",1495
1331550,0,"500,000 .. 1,000,000",1532
2334730,0,"500,000 .. 1,000,000",1269
1056600,0,"500,000 .. 1,000,000",1561
2828860,0,"500,000 .. 1,000,000",703
667530,0,"500,000 .. 1,000,000",319
1645820,0,"500,000 .. 1,000,000",1073
588030,0,"500,000 .. 1,000,000",2167
513590,0,"500,000 .. 1,000,000",256
363490,0,"500,000 .. 1,000,000",237
1374490,0,"500,000 .. 1,000,000",704
314650,0,"500,000 .. 1,000,000",458
1403370,0,"500,000 .. 1,000,000",811
1465460,0,"500,000 .. 1,000,000",899
327640,0,"500,000 .. 1,000,000",229
293760,0,"500,000 .. 1,000,000",3101
1000360,0,"500,000 .. 1,000,000",398
1634680,0,"500,000 .. 1,000,000",3049
799600,0,"500,000 .. 1,000,000",2247
546980,0,"500,000 .. 1,000,000",509
3340270,0,"500,000 .. 1,000,000",0
914620,0,"500,000 .. 1,000,000",1236
2080690,0,"500,000 .. 1,000,000",1182
378370,0,"500,000 .. 1,000,000",275
1307890,0,"500,000 .. 1,000,000",2486
1928980,0,"500,000 .. 1,000,000",1387
740250,0,"500,000 .. 1,000,000",772
690530,0,"500,000 .. 1,000,000",558
1660080,0,"500,000 .. 1,000,000",793
1364020,0,"500,000 .. 1,000,000",303
2015270,0,"500,000 .. 1,000,000",642
418030,0,"500,000 .. 1,000,000",2220
872670,0,"500,000 .. 1,000,000",437
1275890,0,"500,000 .. 1,000,000",247
332500,0,"500,000 .. 1,000,000",660
2665680,0,"500,000 .. 1,000,000",6460
1812450,0,"500,000 .. 1,000,000",2321
236370,0,"500,000 .. 1,000,000",1826
1032430,0,"500,000 .. 1,000,000",419
1191330,0,"500,000 .. 1,000,000",790
1150760,0,"500,000 .. 1,000,000",172
2445690,0,"200,000 .. 500,000",1829
1084520,0,"200,000 .. 500,000",492
1024380,0,"200,000 .. 500,000",441
547680,0,"200,000 .. 500,000",1401
518150,0,"200,000 .. 500,000",648
692530,0,"200,000 .. 500,000",293
412470,0,"200,000 .. 500,000",435
329070,0,"200,000 .. 500,000",198
979110,0,"200,000 .. 500,000",1256
2768430,0,"200,000 .. 500,000",776
2646460,0,"200,000 .. 500,000",5526
2162800,0,"200,000 .. 500,000",1264
1197260,0,"200,000 .. 500,000",0
608990,0,"200,000 .. 500,000",1064
1412190,0,"200,000 .. 500,000",0
1173510,0,"200,000 .. 500,000",56337
951440,0,"200,000 .. 500,000",636
1618540,0,"200,000 .. 500,000",605
661130,0,"200,000 .. 500,000",6797
840800,0,"200,000 .. 500,000",1747
708720,0,"200,000 .. 500,000",0
454120,0,"200,000 .. 500,000",5290
1881200,0,"200,000 .. 500,000",239
2795640,0,"200,000 .. 500,000",159
366090,0,"200,000 .. 500,000",2435
2464530,0,"200,000 .. 500,000",218
491540,0,"200,000 .. 500,000",692
1705180,0,"200,000 .. 500,000",649
2904000,0,"200,000 .. 500,000",1106
1594320,0,"200,000 .. 500,000",6683
1343620,0,"200,000 .. 500,000",49
1162750,0,"200,000 .. 500,000",2040
1857090,0,"200,000 .. 500,000",886
2784470,0,"200,000 .. 500,000",873
700030,0,"200,000 .. 500,000",3379
1024890,0,"200,000 .. 500,000",0
3168200,0,"200,000 .. 500,000",0
1106750,0,"200,000 .. 500,000",234
2909110,0,"200,000 .. 500,000",269
1444480,0,"200,000 .. 500,000",658
1911610,0,"200,000 .. 500,000",490
1674170,0,"200,000 .. 500,000",945
1369670,0,"200,000 .. 500,000",1784
2063480,0,"200,000 .. 500,000",135
544550,0,"200,000 .. 500,000",5684
412210,0,"200,000 .. 500,000",239
324080,0,"200,000 .. 500,000",1183
2709600,0,"200,000 .. 500,000",0
541200,0,"200,000 .. 500,000",169
232810,0,"200,000 .. 500,000",632
285580,0,"200,000 .. 500,000",55
2086430,0,"200,000 .. 500,000",860
2452090,0,"200,000 .. 500,000",2226
955740,0,"200,000 .. 500,000",741
1548850,0,"200,000 .. 500,000",359
1621070,0,"200,000 .. 500,000",395
2356780,0,"200,000 .. 500,000",459
1957780,0,"200,000 .. 500,000",1272
518030,0,"200,000 .. 500,000",437
2230370,0,"200,000 .. 500,000",0
973230,0,"200,000 .. 500,000",621
1437760,0,"200,000 .. 500,000",303
340810,0,"200,000 .. 500,000",91
2141520,0,"200,000 .. 500,000",21
672870,0,"200,000 .. 500,000",0
1578390,0,"200,000 .. 500,000",2881
244770,0,"200,000 .. 500,000",881
666150,0,"200,000 .. 500,000",1206
3058630,0,"200,000 .. 500,000",481
1555290,0,"200,000 .. 500,000",0
444930,0,"200,000 .. 500,000",92
673560,0,"200,000 .. 500,000",236
1069740,0,"200,000 .. 500,000",131
1360000,0,"200,000 .. 500,000",461
2678410,0,"200,000 .. 500,000",0
771060,0,"200,000 .. 500,000",493
2348120,0,"200,000 .. 500,000",154
610670,0,"200,000 .. 500,000",440
887570,0,"200,000 .. 500,000",1120
1700870,0,"200,000 .. 500,000",783
2328480,0,"200,000 .. 500,000",508
2186320,0,"200,000 .. 500,000",651
987350,0,"200,000 .. 500,000",214
1118920,0,"200,000 .. 500,000",0
272230,0,"200,000 .. 500,000",453
1807080,0,"200,000 .. 500,000",468
2294660,0,"200,000 .. 500,000",2612
586030,0,"200,000 .. 500,000",127
1677110,0,"200,000 .. 500,000",609
1394270,0,"200,000 .. 500,000",0
976890,0,"200,000 .. 500,000",322
606140,0,"200,000 .. 500,000",271
1600530,0,"200,000 .. 500,000",0
576770,0,"200,000 .. 500,000",1007
251890,0,"200,000 .. 500,000",114
979640,0,"200,000 .. 500,000",390
1096200,0,"200,000 .. 500,000",0
1410090,0,"200,000 .. 500,000",7
803140,0,"200,000 .. 500,000",0
415860,0,"200,000 .. 500,000",35
1482860,0,"200,000 .. 500,000",3248
1648390,0,"200,000 .. 500,000",123
1494420,0,"200,000 .. 500,000",332
3121110,0,"200,000 .. 500,000",155
1333720,0,"200,000 .. 500,000",0
890550,0,"200,000 .. 500,000",167
1193340,0,"200,000 .. 500,000",326
2321210,0,"200,000 .. 500,000",453
786520,0,"200,000 .. 500,000",12405
1122050,0,"200,000 .. 500,000",133
3156770,0,"200,000 .. 500,000",806
496440,0,"200,000 .. 500,000",276
682290,0,"200,000 .. 500,000",36
764570,0,"200,000 .. 500,000",37
715400,0,"200,000 .. 500,000",490
598960,0,"200,000 .. 500,000",5259
312150,0,"200,000 .. 500,000",56
1378360,0,"200,000 .. 500,000",1979
810040,0,"200,000 .. 500,000",418
2432990,0,"200,000 .. 500,000",0
1001270,0,"200,000 .. 500,000",862
1211600,0,"200,000 .. 500,000",780
1310740,0,"200,000 .. 500,000",0
885570,0,"200,000 .. 500,000",1540
1103950,0,"200,000 .. 500,000",372
773790,0,"200,000 .. 500,000",1719
1053680,0,"200,000 .. 500,000",142
671610,0,"200,000 .. 500,000",0
720620,0,"200,000 .. 500,000",1441
1452650,0,"200,000 .. 500,000",29
576470,0,"200,000 .. 500,000",226
2457580,0,"200,000 .. 500,000",208
572520,0,"200,000 .. 500,000",890
1708150,0,"200,000 .. 500,000",133
325420,0,"200,000 .. 500,000",1463
1423410,0,"200,000 .. 500,000",0
1058770,0,"200,000 .. 500,000",4485
983870,0,"200,000 .. 500,000",2182
719890,0,"200,000 .. 500,000",14007
292000,0,"200,000 .. 500,000",1606
446030,0,"200,000 .. 500,000",165
1770080,0,"200,000 .. 500,000",1005
2890830,0,"200,000 .. 500,000",463
3020510,0,"200,000 .. 500,000",2037
1269370,0,"200,000 .. 500,000",447
274620,0,"200,000 .. 500,000",152
2916430,0,"200,000 .. 500,000",539
562270,0,"200,000 .. 500,000",10547
1969930,0,"200,000 .. 500,000",0
674690,0,"200,000 .. 500,000",0
619340,0,"200,000 .. 500,000",329
629910,0,"200,000 .. 500,000",4595
2344320,0,"200,000 .. 500,000",171
1695840,0,"200,000 .. 500,000",146
1718870,0,"200,000 .. 500,000",4520
1566200,0,"200,000 .. 500,000",791
1715730,0,"200,000 .. 500,000",358
305840,0,"200,000 .. 500,000",216
2059170,0,"200,000 .. 500,000",1190
414120,0,"200,000 .. 500,000",33
2517500,0,"200,000 .. 500,000",0
1026110,0,"200,000 .. 500,000",0
1572470,0,"200,000 .. 500,000",0
1766060,0,"200,000 .. 500,000",606
2257590,0,"200,000 .. 500,000",0
1411910,0,"200,000 .. 500,000",258
2099110,0,"200,000 .. 500,000",505
397100,0,"200,000 .. 500,000",153
853770,0,"200,000 .. 500,000",515
315330,0,"200,000 .. 500,000",168
2336720,0,"200,000 .. 500,000",370
1383550,0,"200,000 .. 500,000",443
1494840,0,"200,000 .. 500,000",677
1199640,0,"200,000 .. 500,000",0
1609730,0,"200,000 .. 500,000",0
774541,0,"100,000 .. 200,000",806
997380,0,"100,000 .. 200,000",609
795580,0,"100,000 .. 200,000",72
1008580,0,"100,000 .. 200,000",0
1141530,0,"100,000 .. 200,000",18459
2082300,0,"100,000 .. 200,000",0
1919040,0,"100,000 .. 200,000",320
909750,0,"100,000 .. 200,000",0
586110,0,"100,000 .. 200,000",0
2306590,0,"100,000 .. 200,000",56
1683150,0,"100,000 .. 200,000",19057
322780,0,"100,000 .. 200,000",2327
2400160,0,"100,000 .. 200,000",272
389040,0,"100,000 .. 200,000",1049
691730,0,"100,000 .. 200,000",234
442710,0,"100,000 .. 200,000",336
762240,0,"100,000 .. 200,000",0
2625420,0,"100,000 .. 200,000",1032
1612620,0,"100,000 .. 200,000",481
860020,0,"100,000 .. 200,000",81
1093720,0,"100,000 .. 200,000",0
1970610,0,"100,000 .. 200,000",0
407050,0,"100,000 .. 200,000",0
2254890,0,"100,000 .. 200,000",1791
1096360,0,"100,000 .. 200,000",0
640150,0,"100,000 .. 200,000",67
1152340,0,"100,000 .. 200,000",226
2239710,0,"100,000 .. 200,000",780
1150820,0,"100,000 .. 200,000",0
2607780,0,"100,000 .. 200,000",0
1114860,0,"100,000 .. 200,000",0
890520,0,"100,000 .. 200,000",0
2229900,0,"100,000 .. 200,000",0
1550710,0,"100,000 .. 200,000",128
224440,0,"100,000 .. 200,000",321
1159290,0,"100,000 .. 200,000",371
1592280,0,"100,000 .. 200,000",332
1220840,0,"100,000 .. 200,000",634
2116120,0,"100,000 .. 200,000",734
1133430,0,"100,000 .. 200,000",217
1860510,0,"100,000 .. 200,000",1172
956000,0,"100,000 .. 200,000",0
2314160,0,"100,000 .. 200,000",725
2597080,0,"100,000 .. 200,000",1323
1543150,0,"100,000 .. 200,000",382
891220,0,"100,000 .. 200,000",0
1134710,0,"100,000 .. 200,000",1184
416670,0,"100,000 .. 200,000",361
1787820,0,"100,000 .. 200,000",209
461430,0,"100,000 .. 200,000",923
385890,0,"100,000 .. 200,000",58
1559580,0,"100,000 .. 200,000",0
3433430,0,"100,000 .. 200,000",0
2026820,0,"100,000 .. 200,000",771
592260,0,"100,000 .. 200,000",2807
754050,0,"100,000 .. 200,000",0
759530,0,"100,000 .. 200,000",44
3347370,0,"100,000 .. 200,000",0
1453920,0,"100,000 .. 200,000",466
2232880,0,"100,000 .. 200,000",2056
2014500,0,"100,000 .. 200,000",0
602920,0,"100,000 .. 200,000",449
423890,0,"100,000 .. 200,000",124
1477630,0,"100,000 .. 200,000",0
406090,0,"100,000 .. 200,000",324
1779200,0,"100,000 .. 200,000",277
2941660,0,"100,000 .. 200,000",522
1534840,0,"100,000 .. 200,000",232
605230,0,"100,000 .. 200,000",6663
2168680,0,"100,000 .. 200,000",843
329280,0,"100,000 .. 200,000",76
555000,0,"100,000 .. 200,000",754
649900,0,"100,000 .. 200,000",52
587710,0,"100,000 .. 200,000",205
2507980,0,"100,000 .. 200,000",578
362620,0,"100,000 .. 200,000",2770
783240,0,"100,000 .. 200,000",25
2178070,0,"100,000 .. 200,000",651
280010,0,"100,000 .. 200,000",0
393930,0,"100,000 .. 200,000",341
1262460,0,"100,000 .. 200,000",1172
2204730,0,"100,000 .. 200,000",0
567380,0,"100,000 .. 200,000",126
1280700,0,"100,000 .. 200,000",0
1357870,0,"100,000 .. 200,000",148
1699480,0,"100,000 .. 200,000",337
2459550,0,"100,000 .. 200,000",818
2510960,0,"100,000 .. 200,000",495
1370410,0,"100,000 .. 200,000",0
409590,0,"100,000 .. 200,000",1582
1529110,0,"100,000 .. 200,000",500
488430,0,"100,000 .. 200,000",0
2499520,0,"100,000 .. 200,000",396
976800,0,"100,000 .. 200,000",609
2286830,0,"100,000 .. 200,000",0
709240,0,"100,000 .. 200,000",0
2307350,0,"100,000 .. 200,000",425
668170,0,"100,000 .. 200,000",122
2252680,0,"100,000 .. 200,000",83
1384060,0,"100,000 .. 200,000",0
838900,0,"100,000 .. 200,000",79
694720,0,"100,000 .. 200,000",0
955170,0,"100,000 .. 200,000",3425
587450,0,"100,000 .. 200,000",1068
2211170,0,"100,000 .. 200,000",1191
2683710,0,"100,000 .. 200,000",0
3168590,0,"100,000 .. 200,000",0
1681160,0,"100,000 .. 200,000",0
653120,0,"100,000 .. 200,000",26
2019950,0,"100,000 .. 200,000",0
1089650,0,"100,000 .. 200,000",0
1261180,0,"100,000 .. 200,000",117
529240,0,"100,000 .. 200,000",278
2205850,0,"100,000 .. 200,000",899
1257550,0,"100,000 .. 200,000",0
525460,0,"100,000 .. 200,000",193
619500,0,"100,000 .. 200,000",99
714020,0,"100,000 .. 200,000",1214
1397790,0,"100,000 .. 200,000",117
1266540,0,"100,000 .. 200,000",927
2242760,0,"100,000 .. 200,000",144
1930600,0,"100,000 .. 200,000",613
1907590,0,"100,000 .. 200,000",704
2898400,0,"100,000 .. 200,000",0
444460,0,"100,000 .. 200,000",249
1196080,0,"100,000 .. 200,000",5734
2617700,0,"100,000 .. 200,000",1245
604490,0,"100,000 .. 200,000",100
862800,0,"100,000 .. 200,000",643
374670,0,"100,000 .. 200,000",124
1844080,0,"100,000 .. 200,000",0
2067780,0,"100,000 .. 200,000",981
2707940,0,"100,000 .. 200,000",693
978620,0,"100,000 .. 200,000",0
851800,0,"100,000 .. 200,000",951
2195970,0,"100,000 .. 200,000",0
657730,0,"100,000 .. 200,000",649
903730,0,"100,000 .. 200,000",0
1737870,0,"100,000 .. 200,000",169
2566340,0,"100,000 .. 200,000",484
2124120,0,"100,000 .. 200,000",975
1436440,0,"100,000 .. 200,000",0
931270,0,"100,000 .. 200,000",485
766370,0,"100,000 .. 200,000",2022
1687530,0,"100,000 .. 200,000",167
1275370,0,"100,000 .. 200,000",0
1454700,0,"100,000 .. 200,000",0
2178990,0,"100,000 .. 200,000",67
3096650,0,"100,000 .. 200,000",0
891430,0,"100,000 .. 200,000",0
758690,0,"100,000 .. 200,000",2137
1466300,0,"100,000 .. 200,000",0
1022980,0,"100,000 .. 200,000",2338
538030,0,"100,000 .. 200,000",1148
2165440,0,"100,000 .. 200,000",0
520860,0,"100,000 .. 200,000",72
1593350,0,"100,000 .. 200,000",20259
1342340,0,"100,000 .. 200,000",72
465490,0,"100,000 .. 200,000",581
1485050,0,"100,000 .. 200,000",0
2107280,0,"100,000 .. 200,000",0
796860,0,"100,000 .. 200,000",125
3107230,0,"100,000 .. 200,000",8624
1249480,0,"100,000 .. 200,000",43
1610900,0,"100,000 .. 200,000",0
2478840,0,"100,000 .. 200,000",0
2286680,0,"100,000 .. 200,000",0
405980,0,"100,000 .. 200,000",161
1175890,0,"100,000 .. 200,000",0
1539140,0,"100,000 .. 200,000",374
2682580,0,"100,000 .. 200,000",520
2965660,0,"100,000 .. 200,000",231
1450900,0,"100,000 .. 200,000",2338
368720,0,"100,000 .. 200,000",189
1553420,0,"100,000 .. 200,000",0
2475220,0,"100,000 .. 200,000",0
1530720,0,"100,000 .. 200,000",0
378360,0,"100,000 .. 200,000",534
1461600,0,"100,000 .. 200,000",764
2198510,0,"100,000 .. 200,000",854
1397830,0,"100,000 .. 200,000",0
1588530,0,"100,000 .. 200,000",1302
2719820,0,"100,000 .. 200,000",0
1948700,0,"100,000 .. 200,000",85
1475400,0,"100,000 .. 200,000",0
2660460,0,"100,000 .. 200,000",404
1239020,0,"100,000 .. 200,000",367
1612980,0,"100,000 .. 200,000",0
1702320,0,"100,000 .. 200,000",163
2664960,0,"100,000 .. 200,000",0
1861610,0,"100,000 .. 200,000",94
2291340,0,"100,000 .. 200,000",176
1236390,0,"100,000 .. 200,000",0
1517870,0,"100,000 .. 200,000",0
644610,0,"100,000 .. 200,000",236
2854480,0,"100,000 .. 200,000",0
1420350,0,"100,000 .. 200,000",531
671970,0,"100,000 .. 200,000",323
876900,0,"100,000 .. 200,000",0
612720,0,"100,000 .. 200,000",973
1815660,0,"100,000 .. 200,000",0
1932950,0,"100,000 .. 200,000",0
2102520,0,"100,000 .. 200,000",276
1353100,0,"100,000 .. 200,000",0
884550,0,"100,000 .. 200,000",0
1425000,0,"100,000 .. 200,000",1102
1266630,0,"100,000 .. 200,000",9215
2436940,0,"100,000 .. 200,000",2837
1364290,0,"100,000 .. 200,000",319
1133870,0,"100,000 .. 200,000",281
307090,0,"100,000 .. 200,000",185
1005340,0,"100,000 .. 200,000",0
614940,0,"100,000 .. 200,000",0
1723780,0,"100,000 .. 200,000",509
1042910,0,"100,000 .. 200,000",0
1380910,0,"100,000 .. 200,000",1346
732050,0,"100,000 .. 200,000",1193
1295700,0,"100,000 .. 200,000",0
755080,0,"100,000 .. 200,000",0
347600,0,"100,000 .. 200,000",160
2195120,0,"100,000 .. 200,000",318
591790,0,"100,000 .. 200,000",429
1724140,0,"100,000 .. 200,000",238
2313330,0,"100,000 .. 200,000",1079
1451480,0,"100,000 .. 200,000",224
698870,0,"100,000 .. 200,000",529
2529170,0,"100,000 .. 200,000",350
2349090,0,"100,000 .. 200,000",0
856620,0,"100,000 .. 200,000",114
2395810,0,"100,000 .. 200,000",160
2086680,0,"100,000 .. 200,000",391
312210,0,"100,000 .. 200,000",206
574760,0,"100,000 .. 200,000",2654
2292800,0,"100,000 .. 200,000",809
685420,0,"100,000 .. 200,000",24
453000,0,"100,000 .. 200,000",45
1021670,0,"100,000 .. 200,000",1057
2657610,0,"100,000 .. 200,000",0
1062000,0,"100,000 .. 200,000",261
2738490,0,"100,000 .. 200,000",215
1414230,0,"100,000 .. 200,000",0
2192400,0,"100,000 .. 200,000",0
703970,0,"100,000 .. 200,000",0
299420,0,"100,000 .. 200,000",174
1207850,0,"100,000 .. 200,000",1200
2609610,0,"100,000 .. 200,000",43
656200,0,"100,000 .. 200,000",682
1991040,0,"100,000 .. 200,000",966
3383910,0,"100,000 .. 200,000",0
1706300,0,"100,000 .. 200,000",0
1491730,0,"100,000 .. 200,000",0
2086060,0,"100,000 .. 200,000",5
1409530,0,"100,000 .. 200,000",367
486860,0,"100,000 .. 200,000",833
3035500,0,"100,000 .. 200,000",492
3195790,0,"100,000 .. 200,000",644
2747610,0,"100,000 .. 200,000",0
2824170,0,"100,000 .. 200,000",0
1796790,0,"100,000 .. 200,000",595
1465470,0,"100,000 .. 200,000",1441
3238670,0,"100,000 .. 200,000",976
367270,0,"100,000 .. 200,000",333
2182770,0,"50,000 .. 100,000",0
3041690,0,"50,000 .. 100,000",0
1659090,0,"50,000 .. 100,000",0
1692240,0,"50,000 .. 100,000",492
2978020,0,"50,000 .. 100,000",0
1447400,0,"50,000 .. 100,000",0
1538710,0,"50,000 .. 100,000",0
1339220,0,"50,000 .. 100,000",0
3240760,0,"50,000 .. 100,000",0
463250,0,"50,000 .. 100,000",40
722670,0,"50,000 .. 100,000",122
2302990,0,"50,000 .. 100,000",2530
1337970,0,"50,000 .. 100,000",4777
2059530,0,"50,000 .. 100,000",697
2285630,0,"50,000 .. 100,000",610
2092010,0,"50,000 .. 100,000",0
2168200,0,"50,000 .. 100,000",0
2494370,0,"50,000 .. 100,000",0
895110,0,"50,000 .. 100,000",552
2780710,0,"50,000 .. 100,000",390
1879030,0,"50,000 .. 100,000",0
1286220,0,"50,000 .. 100,000",2236
1713550,0,"50,000 .. 100,000",0
703280,0,"50,000 .. 100,000",0
2687970,0,"50,000 .. 100,000",363
954870,0,"50,000 .. 100,000",1254
2680550,0,"50,000 .. 100,000",1334
1920320,0,"50,000 .. 100,000",0
920470,0,"50,000 .. 100,000",0
462100,0,"50,000 .. 100,000",104
2458310,0,"50,000 .. 100,000",81
351630,0,"50,000 .. 100,000",37
620190,0,"50,000 .. 100,000",844
566860,0,"50,000 .. 100,000",154
1419850,0,"50,000 .. 100,000",647
1440670,0,"50,000 .. 100,000",1118
1032120,0,"50,000 .. 100,000",0
1250940,0,"50,000 .. 100,000",0
565030,0,"50,000 .. 100,000",25
1951220,0,"50,000 .. 100,000",0
1559680,0,"50,000 .. 100,000",60
722730,0,"50,000 .. 100,000",675
1160490,0,"50,000 .. 100,000",301
2506820,0,"50,000 .. 100,000",0
1300060,0,"50,000 .. 100,000",0
1144800,0,"50,000 .. 100,000",0
987020,0,"50,000 .. 100,000",94
1869270,0,"50,000 .. 100,000",570
1371480,0,"50,000 .. 100,000",211
1431230,0,"50,000 .. 100,000",167
1564620,0,"50,000 .. 100,000",0
248630,0,"50,000 .. 100,000",47
1726180,0,"50,000 .. 100,000",0
1471270,0,"50,000 .. 100,000",482
1026840,0,"50,000 .. 100,000",0
2024070,0,"50,000 .. 100,000",229
1012110,0,"50,000 .. 100,000",518
606870,0,"50,000 .. 100,000",130
2437300,0,"50,000 .. 100,000",0
851110,0,"50,000 .. 100,000",182
1064340,0,"50,000 .. 100,000",0
467010,0,"50,000 .. 100,000",7810
1494320,0,"50,000 .. 100,000",0
1717290,0,"50,000 .. 100,000",0
1910790,0,"50,000 .. 100,000",114
1433990,0,"50,000 .. 100,000",7767
1609230,0,"50,000 .. 100,000",517
1732430,0,"50,000 .. 100,000",681
2075100,0,"50,000 .. 100,000",114
907310,0,"50,000 .. 100,000",0
3241520,0,"50,000 .. 100,000",0
3174620,0,"50,000 .. 100,000",0
3253440,0,"50,000 .. 100,000",0
834880,0,"50,000 .. 100,000",21
1662140,0,"50,000 .. 100,000",620
2114790,0,"50,000 .. 100,000",0
2281200,0,"50,000 .. 100,000",0
1742910,0,"50,000 .. 100,000",0
1145630,0,"50,000 .. 100,000",69
504300,0,"50,000 .. 100,000",144
1300920,0,"50,000 .. 100,000",2814
1766010,0,"50,000 .. 100,000",479
624950,0,"50,000 .. 100,000",0
2281650,0,"50,000 .. 100,000",226
1614550,0,"50,000 .. 100,000",1761
1823390,0,"50,000 .. 100,000",50
1111930,0,"50,000 .. 100,000",54
922630,0,"50,000 .. 100,000",33
1434610,0,"50,000 .. 100,000",0
1195220,0,"50,000 .. 100,000",0
792570,0,"50,000 .. 100,000",0
2218970,0,"50,000 .. 100,000",355
689980,0,"50,000 .. 100,000",343
520530,0,"50,000 .. 100,000",263
2827230,0,"50,000 .. 100,000",691
568670,0,"50,000 .. 100,000",249
543650,0,"50,000 .. 100,000",279
1697880,0,"50,000 .. 100,000",1154
1060230,0,"50,000 .. 100,000",452
461490,0,"50,000 .. 100,000",216
965990,0,"50,000 .. 100,000",0
389800,0,"50,000 .. 100,000",0
2118810,0,"50,000 .. 100,000",626
1764530,0,"50,000 .. 100,000",1417
1294760,0,"50,000 .. 100,000",285
259570,0,"50,000 .. 100,000",445
1103780,0,"50,000 .. 100,000",0
1672140,0,"50,000 .. 100,000",167
2823080,0,"50,000 .. 100,000",326
1913370,0,"50,000 .. 100,000",540
418110,0,"50,000 .. 100,000",41
552600,0,"50,000 .. 100,000",0
2896430,0,"50,000 .. 100,000",0
2709380,0,"50,000 .. 100,000",0
1501760,0,"50,000 .. 100,000",0
1215980,0,"50,000 .. 100,000",0
2275020,0,"50,000 .. 100,000",183
330570,0,"50,000 .. 100,000",14
2469200,0,"50,000 .. 100,000",165
1679800,0,"50,000 .. 100,000",0
1772840,0,"50,000 .. 100,000",0
1128500,0,"50,000 .. 100,000",0
690980,0,"50,000 .. 100,000",0
1530750,0,"50,000 .. 100,000",125
951240,0,"50,000 .. 100,000",1798
1125240,0,"50,000 .. 100,000",119
420930,0,"50,000 .. 100,000",811
3428860,0,"50,000 .. 100,000",0
1837060,0,"50,000 .. 100,000",0
1617360,0,"50,000 .. 100,000",0
1687940,0,"50,000 .. 100,000",1076
643810,0,"50,000 .. 100,000",98
1527910,0,"50,000 .. 100,000",0
2503770,0,"50,000 .. 100,000",1218
604230,0,"50,000 .. 100,000",0
2070880,0,"50,000 .. 100,000",0
1610520,0,"50,000 .. 100,000",115
2152990,0,"50,000 .. 100,000",0
1857080,0,"50,000 .. 100,000",216
790060,0,"50,000 .. 100,000",2193
2555430,0,"50,000 .. 100,000",750
2399160,0,"50,000 .. 100,000",3879
671310,0,"50,000 .. 100,000",19
1002850,0,"50,000 .. 100,000",0
979560,0,"50,000 .. 100,000",5643
2464880,0,"50,000 .. 100,000",715
263200,0,"50,000 .. 100,000",1611
1708460,0,"50,000 .. 100,000",186
830580,0,"50,000 .. 100,000",0
1361660,0,"50,000 .. 100,000",0
1686520,0,"50,000 .. 100,000",0
1067810,0,"50,000 .. 100,000",0
2147380,0,"50,000 .. 100,000",221
1621560,0,"50,000 .. 100,000",480
1005930,0,"50,000 .. 100,000",1077
734330,0,"50,000 .. 100,000",0
585630,0,"50,000 .. 100,000",0
1289800,0,"50,000 .. 100,000",310
1528970,0,"50,000 .. 100,000",0
1926670,0,"50,000 .. 100,000",0
574070,0,"50,000 .. 100,000",93
2007530,0,"50,000 .. 100,000",555
2450700,0,"50,000 .. 100,000",1471
842780,0,"50,000 .. 100,000",731
956580,0,"50,000 .. 100,000",0
2880850,0,"50,000 .. 100,000",0
3415130,0,"50,000 .. 100,000",0
1392540,0,"50,000 .. 100,000",0
1679060,0,"50,000 .. 100,000",0
1857650,0,"50,000 .. 100,000",0
1393500,0,"50,000 .. 100,000",4093
1235360,0,"50,000 .. 100,000",321
368860,0,"50,000 .. 100,000",93
1800940,0,"50,000 .. 100,000",182
1822550,0,"50,000 .. 100,000",902
490920,0,"50,000 .. 100,000",681
1813170,0,"50,000 .. 100,000",167
623310,0,"50,000 .. 100,000",802
2703690,0,"50,000 .. 100,000",0
1889520,0,"50,000 .. 100,000",0
474220,0,"50,000 .. 100,000",91
658980,0,"50,000 .. 100,000",657
1078000,0,"50,000 .. 100,000",88
2382520,0,"50,000 .. 100,000",338
1465890,0,"50,000 .. 100,000",270
1697110,0,"50,000 .. 100,000",0
1030770,0,"50,000 .. 100,000",0
412310,0,"50,000 .. 100,000",125
1520290,0,"50,000 .. 100,000",0
1101910,0,"50,000 .. 100,000",0
1152090,0,"50,000 .. 100,000",110
1769420,0,"50,000 .. 100,000",631
1519140,0,"50,000 .. 100,000",0
2154230,0,"50,000 .. 100,000",219
379210,0,"50,000 .. 100,000",452
3158270,0,"50,000 .. 100,000",253
1203190,0,"50,000 .. 100,000",213
2523890,0,"50,000 .. 100,000",33
1315070,0,"50,000 .. 100,000",0
1268400,0,"50,000 .. 100,000",0
1175390,0,"50,000 .. 100,000",214
2069920,0,"50,000 .. 100,000",0
2309400,0,"50,000 .. 100,000",171
1017410,0,"50,000 .. 100,000",127
1149400,0,"50,000 .. 100,000",0
2722330,0,"50,000 .. 100,000",0
489240,0,"50,000 .. 100,000",857
432170,0,"50,000 .. 100,000",376
595430,0,"50,000 .. 100,000",0
1910680,0,"50,000 .. 100,000",2240
2601730,0,"50,000 .. 100,000",0
3110710,0,"50,000 .. 100,000",0
709820,0,"50,000 .. 100,000",5
854110,0,"50,000 .. 100,000",0
1636850,0,"50,000 .. 100,000",164
1219590,0,"50,000 .. 100,000",0
2184350,0,"50,000 .. 100,000",69
330460,0,"50,000 .. 100,000",1522
2607060,0,"50,000 .. 100,000",834
2622350,0,"50,000 .. 100,000",0
2398760,0,"50,000 .. 100,000",0
644670,0,"50,000 .. 100,000",165
978840,0,"50,000 .. 100,000",0
449000,0,"50,000 .. 100,000",10
2086140,0,"50,000 .. 100,000",498
2347940,0,"50,000 .. 100,000",450
1071140,0,"50,000 .. 100,000",436
1662210,0,"50,000 .. 100,000",1557
1168250,0,"50,000 .. 100,000",0
1281150,0,"50,000 .. 100,000",0
886160,0,"50,000 .. 100,000",0
2898270,0,"50,000 .. 100,000",497
2353250,0,"50,000 .. 100,000",643
1783080,0,"50,000 .. 100,000",0
1081560,0,"50,000 .. 100,000",0
356510,0,"50,000 .. 100,000",0
937350,0,"50,000 .. 100,000",0
1876880,0,"50,000 .. 100,000",1029
392080,0,"50,000 .. 100,000",8125
2871370,0,"50,000 .. 100,000",0
1627280,0,"50,000 .. 100,000",0
576940,0,"50,000 .. 100,000",11
1631930,0,"50,000 .. 100,000",0
491470,0,"50,000 .. 100,000",157
873270,0,"50,000 .. 100,000",564
964650,0,"50,000 .. 100,000",502
817360,0,"50,000 .. 100,000",18
622470,0,"50,000 .. 100,000",12
613590,0,"50,000 .. 100,000",32
1552940,0,"50,000 .. 100,000",0
1756320,0,"50,000 .. 100,000",0
1655800,0,"50,000 .. 100,000",0
1850070,0,"50,000 .. 100,000",0
1377540,0,"50,000 .. 100,000",31
1082450,0,"50,000 .. 100,000",300
1734390,0,"50,000 .. 100,000",183
589770,0,"50,000 .. 100,000",242
1987110,0,"50,000 .. 100,000",0
845160,0,"50,000 .. 100,000",0
1715370,0,"50,000 .. 100,000",0
1966300,0,"50,000 .. 100,000",0
1855040,0,"50,000 .. 100,000",0
2218680,0,"50,000 .. 100,000",1214
561440,0,"50,000 .. 100,000",0
2143950,0,"50,000 .. 100,000",75
1234040,0,"50,000 .. 100,000",85
607460,0,"50,000 .. 100,000",18
2179290,0,"50,000 .. 100,000",156
2360210,0,"50,000 .. 100,000",1018
2796180,0,"50,000 .. 100,000",126
949000,0,"50,000 .. 100,000",55
2689120,0,"50,000 .. 100,000",270
1213300,0,"50,000 .. 100,000",515
3418300,0,"50,000 .. 100,000",0
634070,0,"50,000 .. 100,000",10
422420,0,"50,000 .. 100,000",43
2184270,0,"50,000 .. 100,000",0
2072340,0,"50,000 .. 100,000",0
907050,0,"50,000 .. 100,000",0
616610,0,"50,000 .. 100,000",0
1012610,0,"50,000 .. 100,000",4998
777390,0,"50,000 .. 100,000",4419
1469750,0,"50,000 .. 100,000",0
1066420,0,"50,000 .. 100,000",0
1084980,0,"50,000 .. 100,000",0
1975580,0,"50,000 .. 100,000",153
3409720,0,"50,000 .. 100,000",0
3130720,0,"50,000 .. 100,000",0
1075140,0,"50,000 .. 100,000",0
994520,0,"50,000 .. 100,000",0
1590010,0,"50,000 .. 100,000",0
1496240,0,"50,000 .. 100,000",0
673580,0,"50,000 .. 100,000",0
529060,0,"50,000 .. 100,000",0
448570,0,"50,000 .. 100,000",70
1090250,0,"50,000 .. 100,000",103
1726130,0,"50,000 .. 100,000",235
711980,0,"50,000 .. 100,000",305
444620,0,"50,000 .. 100,000",260
2910400,0,"50,000 .. 100,000",0
407620,0,"50,000 .. 100,000",438
2113140,0,"50,000 .. 100,000",0
1566460,0,"50,000 .. 100,000",0
2104920,0,"50,000 .. 100,000",209
358080,0,"50,000 .. 100,000",353
624890,0,"50,000 .. 100,000",0
1333410,0,"50,000 .. 100,000",0
998660,0,"50,000 .. 100,000",0
1810960,0,"50,000 .. 100,000",0
1328990,0,"50,000 .. 100,000",112
314230,0,"50,000 .. 100,000",239
2285180,0,"50,000 .. 100,000",0
679400,0,"50,000 .. 100,000",45
1748750,0,"50,000 .. 100,000",137
1197580,0,"50,000 .. 100,000",0
1608620,0,"50,000 .. 100,000",0
2235350,0,"50,000 .. 100,000",0
528580,0,"50,000 .. 100,000",16
1120850,0,"50,000 .. 100,000",0
483680,0,"50,000 .. 100,000",98
1648190,0,"50,000 .. 100,000",326
1373220,0,"50,000 .. 100,000",397
858590,0,"50,000 .. 100,000",161
2073910,0,"50,000 .. 100,000",148
1567680,0,"50,000 .. 100,000",0
882280,0,"50,000 .. 100,000",0
1379580,0,"50,000 .. 100,000",0
1666600,0,"50,000 .. 100,000",0
1033410,0,"50,000 .. 100,000",2760
2304620,0,"50,000 .. 100,000",313
3072780,0,"50,000 .. 100,000",0
408990,0,"50,000 .. 100,000",584
995050,0,"50,000 .. 100,000",138
1800650,0,"50,000 .. 100,000",0
2692580,0,"50,000 .. 100,000",0
2655800,0,"50,000 .. 100,000",0
2438680,0,"50,000 .. 100,000",673
2285620,0,"50,000 .. 100,000",0
15540,0,"50,000 .. 100,000",102
1772350,0,"50,000 .. 100,000",0
771250,0,"50,000 .. 100,000",11
1721350,0,"50,000 .. 100,000",123
1516750,0,"50,000 .. 100,000",2012
1203180,0,"50,000 .. 100,000",105
1035760,0,"50,000 .. 100,000",31
2194190,0,"50,000 .. 100,000",0
1222210,0,"50,000 .. 100,000",132
3478880,0,"50,000 .. 100,000",0
2868860,0,"50,000 .. 100,000",2795
1971770,0,"50,000 .. 100,000",0
1210260,0,"50,000 .. 100,000",0
991740,0,"50,000 .. 100,000",0
1704180,0,"50,000 .. 100,000",0
679270,0,"50,000 .. 100,000",582
1911640,0,"50,000 .. 100,000",0
1723730,0,"50,000 .. 100,000",0
1206410,0,"50,000 .. 100,000",363
642390,0,"50,000 .. 100,000",61
2004080,0,"50,000 .. 100,000",56
1713350,0,"50,000 .. 100,000",209
979710,0,"50,000 .. 100,000",2189
1184770,0,"50,000 .. 100,000",3132
490990,0,"50,000 .. 100,000",85
1170230,0,"50,000 .. 100,000",280
426590,0,"50,000 .. 100,000",317
1377280,0,"50,000 .. 100,000",0
821060,0,"50,000 .. 100,000",384
2449270,0,"50,000 .. 100,000",0
434530,0,"50,000 .. 100,000",1715
1384620,0,"50,000 .. 100,000",0
792990,0,"50,000 .. 100,000",374
489460,0,"50,000 .. 100,000",535
717790,0,"50,000 .. 100,000",110
2458830,0,"50,000 .. 100,000",394
1591420,0,"50,000 .. 100,000",1237
1423330,0,"50,000 .. 100,000",179
1283130,0,"50,000 .. 100,000",0
2455460,0,"50,000 .. 100,000",0
712080,0,"50,000 .. 100,000",0
1595380,0,"50,000 .. 100,000",0
2779800,0,"50,000 .. 100,000",0
738500,0,"50,000 .. 100,000",73
1473640,0,"50,000 .. 100,000",0
2598290,0,"50,000 .. 100,000",0
1877320,0,"50,000 .. 100,000",0
1876070,0,"50,000 .. 100,000",0
1376870,0,"50,000 .. 100,000",0
801910,0,"50,000 .. 100,000",17
1895220,0,"50,000 .. 100,000",0
1823670,0,"50,000 .. 100,000",0
927860,0,"50,000 .. 100,000",0
708680,0,"50,000 .. 100,000",39
723410,0,"50,000 .. 100,000",0
1514980,0,"50,000 .. 100,000",87
659500,0,"50,000 .. 100,000",0
563360,0,"50,000 .. 100,000",267
1988940,0,"50,000 .. 100,000",0
1960480,0,"50,000 .. 100,000",35
3700000,0,"50,000 .. 100,000",0
999270,0,"50,000 .. 100,000",0
2082350,0,"50,000 .. 100,000",622
1320100,0,"50,000 .. 100,000",70
412450,0,"50,000 .. 100,000",905
1823080,0,"50,000 .. 100,000",0
1352540,0,"50,000 .. 100,000",0
805520,0,"50,000 .. 100,000",0
705770,0,"50,000 .. 100,000",0
864020,0,"50,000 .. 100,000",0
1566830,0,"50,000 .. 100,000",0
1521780,0,"50,000 .. 100,000",0
1119690,0,"50,000 .. 100,000",0
1672690,0,"50,000 .. 100,000",0
1691480,0,"50,000 .. 100,000",0
734290,0,"50,000 .. 100,000",1303
569770,0,"50,000 .. 100,000",422
2456350,0,"50,000 .. 100,000",117
1823950,0,"50,000 .. 100,000",358
983380,0,"50,000 .. 100,000",424
696220,0,"50,000 .. 100,000",133
2637940,0,"50,000 .. 100,000",356
1818640,0,"50,000 .. 100,000",0
3551630,0,"50,000 .. 100,000",0
3436970,0,"50,000 .. 100,000",0
1518990,0,"50,000 .. 100,000",0
1480210,0,"50,000 .. 100,000",0
1337170,0,"50,000 .. 100,000",0
1565660,0,"50,000 .. 100,000",0
1234260,0,"50,000 .. 100,000",0
970800,0,"50,000 .. 100,000",0
386600,0,"50,000 .. 100,000",80
1226990,0,"50,000 .. 100,000",262
1188540,0,"50,000 .. 100,000",181
1601330,0,"50,000 .. 100,000",245
735460,0,"50,000 .. 100,000",13
2217680,0,"50,000 .. 100,000",0
1864710,0,"50,000 .. 100,000",0
2816810,0,"50,000 .. 100,000",0
346610,0,"50,000 .. 100,000",32
1972910,0,"50,000 .. 100,000",0
1786070,0,"50,000 .. 100,000",60
1090100,0,"50,000 .. 100,000",0
1168610,0,"50,000 .. 100,000",141
814740,0,"50,000 .. 100,000",609
1714900,0,"50,000 .. 100,000",212
1296540,0,"50,000 .. 100,000",222
1269690,0,"50,000 .. 100,000",990
2570210,0,"50,000 .. 100,000",1004
1347550,0,"50,000 .. 100,000",151
420880,0,"50,000 .. 100,000",13
393390,0,"50,000 .. 100,000",52
1491120,0,"50,000 .. 100,000",0
1403230,0,"50,000 .. 100,000",0
2736520,0,"50,000 .. 100,000",0
1720980,0,"20,000 .. 50,000",0
1129210,0,"20,000 .. 50,000",0
458410,0,"20,000 .. 50,000",0
2084450,0,"20,000 .. 50,000",151
2186700,0,"20,000 .. 50,000",152
2313720,0,"20,000 .. 50,000",14
1140150,0,"20,000 .. 50,000",2969
1832780,0,"20,000 .. 50,000",0
619540,0,"20,000 .. 50,000",272
868150,0,"20,000 .. 50,000",58
868080,0,"20,000 .. 50,000",206
1077290,0,"20,000 .. 50,000",63
1095260,0,"20,000 .. 50,000",71
1687020,0,"20,000 .. 50,000",0
1907520,0,"20,000 .. 50,000",0
1404500,0,"20,000 .. 50,000",0
3022510,0,"20,000 .. 50,000",0
2304900,0,"20,000 .. 50,000",0
1914790,0,"20,000 .. 50,000",0
2297540,0,"20,000 .. 50,000",0
2347390,0,"20,000 .. 50,000",0
1803550,0,"20,000 .. 50,000",3058
269610,0,"20,000 .. 50,000",29
2176900,0,"20,000 .. 50,000",0
511090,0,"20,000 .. 50,000",70
2294280,0,"20,000 .. 50,000",0
1536730,0,"20,000 .. 50,000",0
659960,0,"20,000 .. 50,000",43
1172830,0,"20,000 .. 50,000",0
487250,0,"20,000 .. 50,000",9
1349130,0,"20,000 .. 50,000",0
1906870,0,"20,000 .. 50,000",0
1677500,0,"20,000 .. 50,000",0
1817110,0,"20,000 .. 50,000",0
661450,0,"20,000 .. 50,000",0
1819770,0,"20,000 .. 50,000",0
1484100,0,"20,000 .. 50,000",0
1874660,0,"20,000 .. 50,000",0
1541710,0,"20,000 .. 50,000",0
1078610,0,"20,000 .. 50,000",0
1194720,0,"20,000 .. 50,000",0
355500,0,"20,000 .. 50,000",0
1648730,0,"20,000 .. 50,000",0
373750,0,"20,000 .. 50,000",1011
998400,0,"20,000 .. 50,000",205
1864950,0,"20,000 .. 50,000",1004
2164200,0,"20,000 .. 50,000",85
941850,0,"20,000 .. 50,000",32
1090760,0,"20,000 .. 50,000",0
923530,0,"20,000 .. 50,000",0
595110,0,"20,000 .. 50,000",145
1630370,0,"20,000 .. 50,000",0
1669130,0,"20,000 .. 50,000",0
2801280,0,"20,000 .. 50,000",0
1399040,0,"20,000 .. 50,000",0
682420,0,"20,000 .. 50,000",0
2007700,0,"20,000 .. 50,000",0
2167100,0,"20,000 .. 50,000",0
602140,0,"20,000 .. 50,000",27
1887020,0,"20,000 .. 50,000",2845
655290,0,"20,000 .. 50,000",158
342940,0,"20,000 .. 50,000",1207
3267430,0,"20,000 .. 50,000",216
527790,0,"20,000 .. 50,000",235
2001070,0,"20,000 .. 50,000",566
1502010,0,"20,000 .. 50,000",0
389530,0,"20,000 .. 50,000",0
1825900,0,"20,000 .. 50,000",0
2613530,0,"20,000 .. 50,000",0
2467810,0,"20,000 .. 50,000",253
2268000,0,"20,000 .. 50,000",0
945540,0,"20,000 .. 50,000",0
1841200,0,"20,000 .. 50,000",0
2980050,0,"20,000 .. 50,000",0
2083800,0,"20,000 .. 50,000",0
2413050,0,"20,000 .. 50,000",35
1216230,0,"20,000 .. 50,000",229
752900,0,"20,000 .. 50,000",963
1107320,0,"20,000 .. 50,000",936
1531020,0,"20,000 .. 50,000",0
645230,0,"20,000 .. 50,000",0
448640,0,"20,000 .. 50,000",241
1528860,0,"20,000 .. 50,000",0
386590,0,"20,000 .. 50,000",229
3408110,0,"20,000 .. 50,000",341
521330,0,"20,000 .. 50,000",905
2847830,0,"20,000 .. 50,000",0
857860,0,"20,000 .. 50,000",2
2764510,0,"20,000 .. 50,000",0
322300,0,"20,000 .. 50,000",236
915060,0,"20,000 .. 50,000",0
1145860,0,"20,000 .. 50,000",0
1467340,0,"20,000 .. 50,000",0
2306710,0,"20,000 .. 50,000",0
389980,0,"20,000 .. 50,000",323
2395760,0,"20,000 .. 50,000",0
522130,0,"20,000 .. 50,000",0
885440,0,"20,000 .. 50,000",0
404550,0,"20,000 .. 50,000",406
1391530,0,"20,000 .. 50,000",52
2849680,0,"20,000 .. 50,000",44
568580,0,"20,000 .. 50,000",13
1975520,0,"20,000 .. 50,000",498
321830,0,"20,000 .. 50,000",292
2963720,0,"20,000 .. 50,000",0
3164130,0,"20,000 .. 50,000",0
778620,0,"20,000 .. 50,000",0
700060,0,"20,000 .. 50,000",0
2177210,0,"20,000 .. 50,000",0
1955100,0,"20,000 .. 50,000",0
765800,0,"20,000 .. 50,000",0
732510,0,"20,000 .. 50,000",0
2800450,0,"20,000 .. 50,000",18
899930,0,"20,000 .. 50,000",0
555400,0,"20,000 .. 50,000",43
377060,0,"20,000 .. 50,000",972
1893820,0,"20,000 .. 50,000",433
936720,0,"20,000 .. 50,000",433
2669860,0,"20,000 .. 50,000",698
503240,0,"20,000 .. 50,000",266
311800,0,"20,000 .. 50,000",927
1097300,0,"20,000 .. 50,000",0
524380,0,"20,000 .. 50,000",0
2679220,0,"20,000 .. 50,000",0
1838670,0,"20,000 .. 50,000",0
1565250,0,"20,000 .. 50,000",0
1497770,0,"20,000 .. 50,000",0
2793380,0,"20,000 .. 50,000",7
587540,0,"20,000 .. 50,000",0
1048790,0,"20,000 .. 50,000",0
1241810,0,"20,000 .. 50,000",0
1773440,0,"20,000 .. 50,000",0
1436280,0,"20,000 .. 50,000",0
1485970,0,"20,000 .. 50,000",0
719590,0,"20,000 .. 50,000",859
531660,0,"20,000 .. 50,000",12
929060,0,"20,000 .. 50,000",0
246300,0,"20,000 .. 50,000",78
1424910,0,"20,000 .. 50,000",0
2113900,0,"20,000 .. 50,000",473
1116540,0,"20,000 .. 50,000",321
2788040,0,"20,000 .. 50,000",205
372820,0,"20,000 .. 50,000",224
1657810,0,"20,000 .. 50,000",0
2282350,0,"20,000 .. 50,000",0
3132860,0,"20,000 .. 50,000",472
677450,0,"20,000 .. 50,000",39
1998040,0,"20,000 .. 50,000",0
2572320,0,"20,000 .. 50,000",0
1501390,0,"20,000 .. 50,000",0
3302850,0,"20,000 .. 50,000",0
2289590,0,"20,000 .. 50,000",0
3024710,0,"20,000 .. 50,000",0
2707490,0,"20,000 .. 50,000",283
1617800,0,"20,000 .. 50,000",0
1242730,0,"20,000 .. 50,000",0
2462790,0,"20,000 .. 50,000",0
1039110,0,"20,000 .. 50,000",0
378850,0,"20,000 .. 50,000",274
664090,0,"20,000 .. 50,000",19
1693280,0,"20,000 .. 50,000",636
1822450,0,"20,000 .. 50,000",691
1310510,0,"20,000 .. 50,000",140
666020,0,"20,000 .. 50,000",48
480500,0,"20,000 .. 50,000",7
1487940,0,"20,000 .. 50,000",35
622920,0,"20,000 .. 50,000",232
1070840,0,"20,000 .. 50,000",66
3303790,0,"20,000 .. 50,000",0
1829470,0,"20,000 .. 50,000",82
857760,0,"20,000 .. 50,000",0
1372220,0,"20,000 .. 50,000",385
2529280,0,"20,000 .. 50,000",0
530560,0,"20,000 .. 50,000",237
1449540,0,"20,000 .. 50,000",0
3255650,0,"20,000 .. 50,000",0
828240,0,"20,000 .. 50,000",0
825190,0,"20,000 .. 50,000",41
780720,0,"20,000 .. 50,000",0
2340190,0,"20,000 .. 50,000",0
3064550,0,"20,000 .. 50,000",0
1658870,0,"20,000 .. 50,000",60
1946300,0,"20,000 .. 50,000",3
1460750,0,"20,000 .. 50,000",172
1839820,0,"20,000 .. 50,000",155
3201910,0,"20,000 .. 50,000",286
3587260,0,"20,000 .. 50,000",0
3111080,0,"20,000 .. 50,000",98
2271930,0,"20,000 .. 50,000",2332
2027860,0,"20,000 .. 50,000",0
1753270,0,"20,000 .. 50,000",0
865850,0,"20,000 .. 50,000",1774
566430,0,"20,000 .. 50,000",253
1254400,0,"20,000 .. 50,000",51
1361790,0,"20,000 .. 50,000",0
2400190,0,"20,000 .. 50,000",0
2267680,0,"20,000 .. 50,000",0
2696190,0,"20,000 .. 50,000",0
3456880,0,"20,000 .. 50,000",0
2283630,0,"20,000 .. 50,000",0
3196570,0,"20,000 .. 50,000",0
2879770,0,"20,000 .. 50,000",0
1009040,0,"20,000 .. 50,000",0
1324730,0,"20,000 .. 50,000",0
944120,0,"20,000 .. 50,000",0
931260,0,"20,000 .. 50,000",0
2236270,0,"20,000 .. 50,000",0
1650250,0,"20,000 .. 50,000",52
836850,0,"20,000 .. 50,000",86
2547120,0,"20,000 .. 50,000",0
2076260,0,"20,000 .. 50,000",0
1724440,0,"20,000 .. 50,000",87
900400,0,"20,000 .. 50,000",200
2340500,0,"20,000 .. 50,000",179
1193630,0,"20,000 .. 50,000",0
890570,0,"20,000 .. 50,000",484
1084360,0,"20,000 .. 50,000",0
722540,0,"20,000 .. 50,000",0
1435630,0,"20,000 .. 50,000",0
1506010,0,"20,000 .. 50,000",0
2064160,0,"20,000 .. 50,000",0
1323190,0,"20,000 .. 50,000",0
2099610,0,"20,000 .. 50,000",0
498700,0,"20,000 .. 50,000",387
1175490,0,"20,000 .. 50,000",0
1207840,0,"20,000 .. 50,000",0
1509770,0,"20,000 .. 50,000",0
2535570,0,"20,000 .. 50,000",0
1433440,0,"20,000 .. 50,000",0
1501740,0,"20,000 .. 50,000",0
1440450,0,"20,000 .. 50,000",0
1464220,0,"20,000 .. 50,000",13
809210,0,"20,000 .. 50,000",179
2055500,0,"20,000 .. 50,000",169
1195560,0,"20,000 .. 50,000",2019
1520270,0,"20,000 .. 50,000",381
1890950,0,"20,000 .. 50,000",25
754500,0,"20,000 .. 50,000",2001
2154240,0,"20,000 .. 50,000",10
1548870,0,"20,000 .. 50,000",0
305960,0,"20,000 .. 50,000",25
1385180,0,"20,000 .. 50,000",0
741320,0,"20,000 .. 50,000",12
905380,0,"20,000 .. 50,000",0
339820,0,"20,000 .. 50,000",235
1789340,0,"20,000 .. 50,000",0
2704270,0,"20,000 .. 50,000",0
1963080,0,"20,000 .. 50,000",0
1335210,0,"20,000 .. 50,000",0
545840,0,"20,000 .. 50,000",0
885730,0,"20,000 .. 50,000",0
1256550,0,"20,000 .. 50,000",0
848310,0,"20,000 .. 50,000",72
1490010,0,"20,000 .. 50,000",0
1281280,0,"20,000 .. 50,000",0
1648800,0,"20,000 .. 50,000",0
416260,0,"20,000 .. 50,000",141
987910,0,"20,000 .. 50,000",0
510370,0,"20,000 .. 50,000",0
513880,0,"20,000 .. 50,000",823
707590,0,"20,000 .. 50,000",2937
2716930,0,"20,000 .. 50,000",310
1054340,0,"20,000 .. 50,000",722
1585020,0,"20,000 .. 50,000",313
1366950,0,"20,000 .. 50,000",160
3169580,0,"20,000 .. 50,000",444
922620,0,"20,000 .. 50,000",0
1922550,0,"20,000 .. 50,000",0
622040,0,"20,000 .. 50,000",36
257930,0,"20,000 .. 50,000",65
614860,0,"20,000 .. 50,000",102
966180,0,"20,000 .. 50,000",0
1500760,0,"20,000 .. 50,000",0
2536660,0,"20,000 .. 50,000",0
1525210,0,"20,000 .. 50,000",0
2828770,0,"20,000 .. 50,000",0
2151820,0,"20,000 .. 50,000",0
1184790,0,"20,000 .. 50,000",80
1337810,0,"20,000 .. 50,000",0
1297200,0,"20,000 .. 50,000",0
570500,0,"20,000 .. 50,000",290
2456240,0,"20,000 .. 50,000",0
1548640,0,"20,000 .. 50,000",0
514200,0,"20,000 .. 50,000",0
2120680,0,"20,000 .. 50,000",0
1927520,0,"20,000 .. 50,000",0
1295230,0,"20,000 .. 50,000",0
1807480,0,"20,000 .. 50,000",0
399720,0,"20,000 .. 50,000",0
1209750,0,"20,000 .. 50,000",0
2803360,0,"20,000 .. 50,000",1137
223490,0,"20,000 .. 50,000",486
2929730,0,"20,000 .. 50,000",163
1700270,0,"20,000 .. 50,000",470
1833380,0,"20,000 .. 50,000",0
1248650,0,"20,000 .. 50,000",0
297310,0,"20,000 .. 50,000",24
840130,0,"20,000 .. 50,000",0
3400090,0,"20,000 .. 50,000",0
464470,0,"20,000 .. 50,000",424
350220,0,"20,000 .. 50,000",0
1481630,0,"20,000 .. 50,000",0
612610,0,"20,000 .. 50,000",18
2326210,0,"20,000 .. 50,000",0
1180840,0,"20,000 .. 50,000",0
1361100,0,"20,000 .. 50,000",0
1315100,0,"20,000 .. 50,000",0
963290,0,"20,000 .. 50,000",0
665040,0,"20,000 .. 50,000",9
2805060,0,"20,000 .. 50,000",782
2361460,0,"20,000 .. 50,000",173
1463020,0,"20,000 .. 50,000",0
458830,0,"20,000 .. 50,000",230
1682050,0,"20,000 .. 50,000",111
3434530,0,"20,000 .. 50,000",0
390540,0,"20,000 .. 50,000",75
1997660,0,"20,000 .. 50,000",71
372380,0,"20,000 .. 50,000",18
2616550,0,"20,000 .. 50,000",0
1938150,0,"20,000 .. 50,000",0
1031330,0,"20,000 .. 50,000",0
650580,0,"20,000 .. 50,000",0
2178840,0,"20,000 .. 50,000",0
1370680,0,"20,000 .. 50,000",0
1824150,0,"20,000 .. 50,000",0
685200,0,"20,000 .. 50,000",13
510000,0,"20,000 .. 50,000",0
268670,0,"20,000 .. 50,000",45
509190,0,"20,000 .. 50,000",141
1638760,0,"20,000 .. 50,000",0
1382870,0,"20,000 .. 50,000",0
1745280,0,"20,000 .. 50,000",0
1427700,0,"20,000 .. 50,000",0
2335370,0,"20,000 .. 50,000",0
1004190,0,"20,000 .. 50,000",0
722920,0,"20,000 .. 50,000",0
1571160,0,"20,000 .. 50,000",232
513330,0,"20,000 .. 50,000",314
1638300,0,"20,000 .. 50,000",16
1020800,0,"20,000 .. 50,000",263
1264520,0,"20,000 .. 50,000",0
2684370,0,"20,000 .. 50,000",0
2209710,0,"20,000 .. 50,000",0
3575840,0,"20,000 .. 50,000",0
1903560,0,"20,000 .. 50,000",0
1105810,0,"20,000 .. 50,000",137
1373830,0,"20,000 .. 50,000",0
2421690,0,"20,000 .. 50,000",0
2117790,0,"20,000 .. 50,000",0
1433470,0,"20,000 .. 50,000",0
2203320,0,"20,000 .. 50,000",0
1177340,0,"20,000 .. 50,000",0
935110,0,"20,000 .. 50,000",0
711440,0,"20,000 .. 50,000",49
1055380,0,"20,000 .. 50,000",0
649770,0,"20,000 .. 50,000",21
886220,0,"20,000 .. 50,000",0
2815670,0,"20,000 .. 50,000",0
757630,0,"20,000 .. 50,000",42
1754170,0,"20,000 .. 50,000",0
1424120,0,"20,000 .. 50,000",0
2129140,0,"20,000 .. 50,000",0
2320860,0,"20,000 .. 50,000",0
2196780,0,"20,000 .. 50,000",0
1678590,0,"20,000 .. 50,000",0
2852630,0,"20,000 .. 50,000",0
2462000,0,"20,000 .. 50,000",0
686870,0,"20,000 .. 50,000",0
1358490,0,"20,000 .. 50,000",0
1111300,0,"20,000 .. 50,000",0
1301850,0,"20,000 .. 50,000",36
2599950,0,"20,000 .. 50,000",1
1455910,0,"20,000 .. 50,000",3063
2553050,0,"20,000 .. 50,000",116
486690,0,"20,000 .. 50,000",1617
2234890,0,"20,000 .. 50,000",0
1842480,0,"20,000 .. 50,000",0
2599370,0,"20,000 .. 50,000",249
1086630,0,"20,000 .. 50,000",0
2818210,0,"20,000 .. 50,000",0
1258980,0,"20,000 .. 50,000",0
945610,0,"20,000 .. 50,000",0
2182390,0,"20,000 .. 50,000",0
2231160,0,"20,000 .. 50,000",0
2150900,0,"20,000 .. 50,000",0
1820560,0,"20,000 .. 50,000",0
2292180,0,"20,000 .. 50,000",0
787580,0,"20,000 .. 50,000",0
1592950,0,"20,000 .. 50,000",0
1565240,0,"20,000 .. 50,000",0
3360190,0,"20,000 .. 50,000",0
1315810,0,"20,000 .. 50,000",0
1124940,0,"20,000 .. 50,000",0
1515140,0,"20,000 .. 50,000",0
1096560,0,"20,000 .. 50,000",0
1098560,0,"20,000 .. 50,000",0
1493240,0,"20,000 .. 50,000",0
3142060,0,"20,000 .. 50,000",0
779100,0,"20,000 .. 50,000",47
1401080,0,"20,000 .. 50,000",0
2373590,0,"20,000 .. 50,000",0
1364360,0,"20,000 .. 50,000",0
1447140,0,"20,000 .. 50,000",0
982380,0,"20,000 .. 50,000",0
1058270,0,"20,000 .. 50,000",0
2503220,0,"20,000 .. 50,000",77
700820,0,"20,000 .. 50,000",0
1667700,0,"20,000 .. 50,000",434
323670,0,"20,000 .. 50,000",147
1539580,0,"20,000 .. 50,000",10
1564600,0,"20,000 .. 50,000",1343
2581410,0,"20,000 .. 50,000",152
1458460,0,"20,000 .. 50,000",0
1346850,0,"20,000 .. 50,000",0
738610,0,"20,000 .. 50,000",495
845530,0,"20,000 .. 50,000",0
1618290,0,"20,000 .. 50,000",221
2418020,0,"20,000 .. 50,000",0
995470,0,"20,000 .. 50,000",0
1589830,0,"20,000 .. 50,000",0
2320460,0,"20,000 .. 50,000",0
726580,0,"20,000 .. 50,000",15
1070350,0,"20,000 .. 50,000",0
1812260,0,"20,000 .. 50,000",0
1756390,0,"20,000 .. 50,000",0
2113440,0,"20,000 .. 50,000",0
1955030,0,"20,000 .. 50,000",0
1252000,0,"20,000 .. 50,000",63
1730260,0,"20,000 .. 50,000",390
2340520,0,"20,000 .. 50,000",585
708990,0,"20,000 .. 50,000",0
1437980,0,"20,000 .. 50,000",0
1281400,0,"20,000 .. 50,000",142
3400010,0,"20,000 .. 50,000",0
3380960,0,"20,000 .. 50,000",0
3066570,0,"20,000 .. 50,000",528
2003840,0,"20,000 .. 50,000",0
2139100,0,"20,000 .. 50,000",0
1562340,0,"20,000 .. 50,000",0
1367860,0,"20,000 .. 50,000",0
2142610,0,"20,000 .. 50,000",0
1875810,0,"20,000 .. 50,000",0
1604180,0,"20,000 .. 50,000",0
2822270,0,"20,000 .. 50,000",0
1827770,0,"20,000 .. 50,000",0
1394690,0,"20,000 .. 50,000",0
939250,0,"20,000 .. 50,000",0
406400,0,"20,000 .. 50,000",0
1537980,0,"20,000 .. 50,000",0
878110,0,"20,000 .. 50,000",0
1170940,0,"20,000 .. 50,000",0
409340,0,"20,000 .. 50,000",209
699040,0,"20,000 .. 50,000",51
1679010,0,"20,000 .. 50,000",0
1198760,0,"20,000 .. 50,000",0
1215180,0,"20,000 .. 50,000",0
1184250,0,"20,000 .. 50,000",232
1079620,0,"20,000 .. 50,000",3813
740290,0,"20,000 .. 50,000",47
2736860,0,"20,000 .. 50,000",8378
1578340,0,"20,000 .. 50,000",0
1962560,0,"20,000 .. 50,000",245
637050,0,"20,000 .. 50,000",0
1693000,0,"20,000 .. 50,000",144
3419210,0,"20,000 .. 50,000",0
1863430,0,"20,000 .. 50,000",174
2697490,0,"20,000 .. 50,000",836
1450020,0,"20,000 .. 50,000",0
2644210,0,"20,000 .. 50,000",0
2050430,0,"20,000 .. 50,000",0
2442860,0,"20,000 .. 50,000",0
1600670,0,"20,000 .. 50,000",0
2025440,0,"20,000 .. 50,000",0
2385850,0,"20,000 .. 50,000",0
2527640,0,"20,000 .. 50,000",0
501210,0,"20,000 .. 50,000",104
1528300,0,"20,000 .. 50,000",0
930230,0,"20,000 .. 50,000",39
1939810,0,"20,000 .. 50,000",0
2801830,0,"20,000 .. 50,000",0
1772260,0,"20,000 .. 50,000",0
1668620,0,"20,000 .. 50,000",0
841500,0,"20,000 .. 50,000",30
1279800,0,"20,000 .. 50,000",0
2190390,0,"20,000 .. 50,000",0
1553710,0,"20,000 .. 50,000",0
411820,0,"20,000 .. 50,000",89
2103510,0,"20,000 .. 50,000",563
861350,0,"20,000 .. 50,000",39
1528240,0,"20,000 .. 50,000",0
1293650,0,"20,000 .. 50,000",0
1206600,0,"20,000 .. 50,000",236
1028590,0,"20,000 .. 50,000",101
570980,0,"20,000 .. 50,000",854
1149940,0,"20,000 .. 50,000",2
1968340,0,"20,000 .. 50,000",86
1252680,0,"20,000 .. 50,000",421
574180,0,"20,000 .. 50,000",894
2620730,0,"20,000 .. 50,000",585
2458120,0,"20,000 .. 50,000",0
3229480,0,"20,000 .. 50,000",0
1357150,0,"20,000 .. 50,000",0
432500,0,"20,000 .. 50,000",1
2171350,0,"20,000 .. 50,000",0
1380690,0,"20,000 .. 50,000",0
1425630,0,"20,000 .. 50,000",0
494820,0,"20,000 .. 50,000",0
1827730,0,"20,000 .. 50,000",0
1653520,0,"20,000 .. 50,000",0
2391300,0,"20,000 .. 50,000",0
1693140,0,"20,000 .. 50,000",0
659220,0,"20,000 .. 50,000",66
802390,0,"20,000 .. 50,000",0
1395450,0,"20,000 .. 50,000",0
639840,0,"20,000 .. 50,000",23
1911900,0,"20,000 .. 50,000",0
1757260,0,"20,000 .. 50,000",0
1394160,0,"20,000 .. 50,000",0
1527230,0,"20,000 .. 50,000",0
2414650,0,"20,000 .. 50,000",0
1925710,0,"20,000 .. 50,000",0
1474780,0,"20,000 .. 50,000",0
1562060,0,"20,000 .. 50,000",0
2452650,0,"20,000 .. 50,000",0
1353830,0,"20,000 .. 50,000",0
1503250,0,"20,000 .. 50,000",0
2752250,0,"20,000 .. 50,000",0
2504380,0,"20,000 .. 50,000",106
987850,0,"20,000 .. 50,000",0
899460,0,"20,000 .. 50,000",6
2449430,0,"20,000 .. 50,000",366
419520,0,"20,000 .. 50,000",0
1557580,0,"20,000 .. 50,000",21
877850,0,"20,000 .. 50,000",198
217120,0,"20,000 .. 50,000",112
1633370,0,"20,000 .. 50,000",447
1407180,0,"20,000 .. 50,000",209
377140,0,"20,000 .. 50,000",141
581360,0,"20,000 .. 50,000",0
2398030,0,"20,000 .. 50,000",1181
3242950,0,"20,000 .. 50,000",482
555850,0,"20,000 .. 50,000",687
296790,0,"20,000 .. 50,000",0
2274510,0,"20,000 .. 50,000",22
760640,0,"20,000 .. 50,000",2548
723420,0,"20,000 .. 50,000",22
3129820,0,"20,000 .. 50,000",0
1234500,0,"20,000 .. 50,000",0
1951840,0,"20,000 .. 50,000",0
1385880,0,"20,000 .. 50,000",0
2408210,0,"20,000 .. 50,000",0
1955980,0,"20,000 .. 50,000",0
2239960,0,"20,000 .. 50,000",0
1611830,0,"20,000 .. 50,000",0
1433040,0,"20,000 .. 50,000",0
2280870,0,"20,000 .. 50,000",0
1408420,0,"20,000 .. 50,000",0
1700800,0,"20,000 .. 50,000",0
1882750,0,"20,000 .. 50,000",0
1741650,0,"20,000 .. 50,000",0
1081470,0,"20,000 .. 50,000",0
1605640,0,"20,000 .. 50,000",0
532800,0,"20,000 .. 50,000",67
516950,0,"20,000 .. 50,000",285
431470,0,"20,000 .. 50,000",0
1400150,0,"20,000 .. 50,000",0
2615530,0,"20,000 .. 50,000",0
2873040,0,"20,000 .. 50,000",0
1559560,0,"20,000 .. 50,000",0
372740,0,"20,000 .. 50,000",252
345020,0,"20,000 .. 50,000",0
503680,0,"20,000 .. 50,000",304
2563550,0,"20,000 .. 50,000",0
1005950,0,"20,000 .. 50,000",0
744270,0,"20,000 .. 50,000",0
1360850,0,"20,000 .. 50,000",0
1575710,0,"20,000 .. 50,000",39
719200,0,"20,000 .. 50,000",0
370350,0,"20,000 .. 50,000",650
1113030,0,"20,000 .. 50,000",566
2165390,0,"20,000 .. 50,000",8
3417510,0,"20,000 .. 50,000",0
1054370,0,"20,000 .. 50,000",0
3218880,0,"20,000 .. 50,000",0
263920,0,"20,000 .. 50,000",802
2462090,0,"20,000 .. 50,000",0
1689480,0,"20,000 .. 50,000",0
977830,0,"20,000 .. 50,000",0
1432730,0,"20,000 .. 50,000",0
1604440,0,"20,000 .. 50,000",0
1998310,0,"20,000 .. 50,000",0
1571140,0,"20,000 .. 50,000",0
1769930,0,"20,000 .. 50,000",0
1825760,0,"20,000 .. 50,000",0
2758570,0,"20,000 .. 50,000",0
315540,0,"20,000 .. 50,000",7
842660,0,"20,000 .. 50,000",0
277930,0,"20,000 .. 50,000",88
786770,0,"20,000 .. 50,000",0
2461890,0,"20,000 .. 50,000",0
1323060,0,"20,000 .. 50,000",167
1470020,0,"20,000 .. 50,000",0
513760,0,"20,000 .. 50,000",39
568400,0,"20,000 .. 50,000",13
2010900,0,"20,000 .. 50,000",0
1482640,0,"20,000 .. 50,000",256
779050,0,"20,000 .. 50,000",0
1264920,0,"20,000 .. 50,000",0
1119570,0,"20,000 .. 50,000",201
1057780,0,"20,000 .. 50,000",76
1516820,0,"20,000 .. 50,000",2364
2448030,0,"20,000 .. 50,000",27
854860,0,"20,000 .. 50,000",278
1727210,0,"20,000 .. 50,000",0
1594880,0,"20,000 .. 50,000",115
3672470,0,"20,000 .. 50,000",0
2613890,0,"20,000 .. 50,000",492
2880730,0,"20,000 .. 50,000",839
1876030,0,"20,000 .. 50,000",0
1077510,0,"20,000 .. 50,000",0
2702700,0,"20,000 .. 50,000",48
1429880,0,"20,000 .. 50,000",76
601380,0,"20,000 .. 50,000",13
822110,0,"20,000 .. 50,000",19
1581500,0,"20,000 .. 50,000",0
2662780,0,"20,000 .. 50,000",239
2877540,0,"20,000 .. 50,000",374
1260470,0,"20,000 .. 50,000",0
1914530,0,"20,000 .. 50,000",0
824420,0,"20,000 .. 50,000",0
1735940,0,"20,000 .. 50,000",0
2061340,0,"20,000 .. 50,000",0
1692470,0,"20,000 .. 50,000",0
2326510,0,"20,000 .. 50,000",0
878940,0,"20,000 .. 50,000",0
2251650,0,"20,000 .. 50,000",0
1007950,0,"20,000 .. 50,000",0
2501750,0,"20,000 .. 50,000",0
1251360,0,"20,000 .. 50,000",0
2316310,0,"20,000 .. 50,000",0
2816600,0,"20,000 .. 50,000",0
954170,0,"20,000 .. 50,000",0
873050,0,"20,000 .. 50,000",0
1572150,0,"20,000 .. 50,000",0
793060,0,"20,000 .. 50,000",0
1442910,0,"20,000 .. 50,000",0
2202950,0,"20,000 .. 50,000",0
2545340,0,"20,000 .. 50,000",0
1759990,0,"20,000 .. 50,000",0
1392000,0,"20,000 .. 50,000",0
2140150,0,"20,000 .. 50,000",0
1276090,0,"20,000 .. 50,000",0
1417450,0,"20,000 .. 50,000",0
1431380,0,"20,000 .. 50,000",0
2421430,0,"20,000 .. 50,000",0
2002540,0,"20,000 .. 50,000",0
2663800,0,"20,000 .. 50,000",0
247310,0,"20,000 .. 50,000",445
1362830,0,"20,000 .. 50,000",0
1827690,0,"20,000 .. 50,000",0
845210,0,"20,000 .. 50,000",90
1200570,0,"20,000 .. 50,000",0
1761900,0,"20,000 .. 50,000",0
1048950,0,"20,000 .. 50,000",107
2242100,0,"20,000 .. 50,000",239
2498570,0,"20,000 .. 50,000",207
2160360,0,"20,000 .. 50,000",0
1133780,0,"20,000 .. 50,000",0
1794400,0,"20,000 .. 50,000",0
756360,0,"20,000 .. 50,000",54
3038580,0,"20,000 .. 50,000",0
1564660,0,"20,000 .. 50,000",0
1222930,0,"20,000 .. 50,000",0
745810,0,"20,000 .. 50,000",0
397150,0,"20,000 .. 50,000",1197
1510890,0,"20,000 .. 50,000",0
1518650,0,"20,000 .. 50,000",0
1885160,0,"20,000 .. 50,000",0
780970,0,"20,000 .. 50,000",0
1302550,0,"20,000 .. 50,000",0
1269930,0,"20,000 .. 50,000",0
965960,0,"20,000 .. 50,000",0
408440,0,"20,000 .. 50,000",0
1525540,0,"20,000 .. 50,000",0
1267560,0,"20,000 .. 50,000",0
2823070,0,"20,000 .. 50,000",0
2107810,0,"20,000 .. 50,000",0
2257170,0,"20,000 .. 50,000",0
2378810,0,"20,000 .. 50,000",0
3136560,0,"20,000 .. 50,000",0
688500,0,"20,000 .. 50,000",4
1014590,0,"20,000 .. 50,000",0
731310,0,"20,000 .. 50,000",71
1450170,0,"20,000 .. 50,000",0
1036340,0,"20,000 .. 50,000",0
291370,0,"20,000 .. 50,000",0
1885820,0,"20,000 .. 50,000",0
890110,0,"20,000 .. 50,000",0
859720,0,"20,000 .. 50,000",0
1513270,0,"20,000 .. 50,000",0
1343110,0,"20,000 .. 50,000",0
873810,0,"20,000 .. 50,000",0
2983780,0,"20,000 .. 50,000",0
1807360,0,"20,000 .. 50,000",0
1013040,0,"20,000 .. 50,000",178
393790,0,"20,000 .. 50,000",60
518040,0,"20,000 .. 50,000",0
2799930,0,"20,000 .. 50,000",1267
3725010,0,"20,000 .. 50,000",0
324190,0,"20,000 .. 50,000",216
1451870,0,"20,000 .. 50,000",0
823940,0,"20,000 .. 50,000",373
1099450,0,"20,000 .. 50,000",0
865770,0,"20,000 .. 50,000",0
2122210,0,"20,000 .. 50,000",0
1268360,0,"20,000 .. 50,000",0
2511760,0,"20,000 .. 50,000",0
1523900,0,"20,000 .. 50,000",0
680170,0,"20,000 .. 50,000",0
1463080,0,"20,000 .. 50,000",0
1529430,0,"20,000 .. 50,000",0
440120,0,"20,000 .. 50,000",0
2530930,0,"20,000 .. 50,000",0
1459250,0,"20,000 .. 50,000",0
1235920,0,"20,000 .. 50,000",0
2377300,0,"20,000 .. 50,000",0
2219830,0,"20,000 .. 50,000",0
1425410,0,"20,000 .. 50,000",0
1937930,0,"20,000 .. 50,000",0
2678300,0,"20,000 .. 50,000",0
885090,0,"20,000 .. 50,000",0
1157050,0,"20,000 .. 50,000",0
697630,0,"20,000 .. 50,000",0
1951480,0,"20,000 .. 50,000",0
1978900,0,"20,000 .. 50,000",0
935120,0,"20,000 .. 50,000",0
1981530,0,"20,000 .. 50,000",0
1593920,0,"20,000 .. 50,000",0
1657080,0,"20,000 .. 50,000",0
2202760,0,"20,000 .. 50,000",0
1291140,0,"20,000 .. 50,000",0
1854540,0,"20,000 .. 50,000",0
2489900,0,"20,000 .. 50,000",0
2967590,0,"20,000 .. 50,000",0
1091650,0,"20,000 .. 50,000",1541
1617900,0,"20,000 .. 50,000",0
2094600,0,"20,000 .. 50,000",64
3061580,0,"20,000 .. 50,000",0
1763830,0,"20,000 .. 50,000",70
1115450,0,"20,000 .. 50,000",0
1304350,0,"20,000 .. 50,000",235
987150,0,"20,000 .. 50,000",98
2630080,0,"20,000 .. 50,000",451
923910,0,"20,000 .. 50,000",122
1942110,0,"20,000 .. 50,000",262
1511630,0,"20,000 .. 50,000",123
3048930,0,"20,000 .. 50,000",0
703480,0,"20,000 .. 50,000",89
331810,0,"20,000 .. 50,000",82
2027970,0,"20,000 .. 50,000",20
2447310,0,"20,000 .. 50,000",0
485670,0,"20,000 .. 50,000",332
3297600,0,"20,000 .. 50,000",0
2177020,0,"20,000 .. 50,000",0
1135710,0,"20,000 .. 50,000",0
339910,0,"20,000 .. 50,000",468
3371650,0,"20,000 .. 50,000",0
1783780,0,"20,000 .. 50,000",1087
1914390,0,"20,000 .. 50,000",0
787250,0,"20,000 .. 50,000",660
317730,0,"20,000 .. 50,000",0
697490,0,"20,000 .. 50,000",8
673050,0,"20,000 .. 50,000",0
1787190,0,"20,000 .. 50,000",0
2052730,0,"20,000 .. 50,000",0
2868400,0,"20,000 .. 50,000",0
1748090,0,"20,000 .. 50,000",0
1494650,0,"20,000 .. 50,000",0
3093700,0,"20,000 .. 50,000",0
807050,0,"20,000 .. 50,000",0
2445310,0,"20,000 .. 50,000",0
2726020,0,"20,000 .. 50,000",0
3005360,0,"20,000 .. 50,000",0
1631470,0,"20,000 .. 50,000",288
3083950,0,"20,000 .. 50,000",0
809470,0,"20,000 .. 50,000",0
465050,0,"20,000 .. 50,000",1529
1064820,0,"20,000 .. 50,000",0
1765820,0,"20,000 .. 50,000",0
611300,0,"20,000 .. 50,000",4
1300790,0,"20,000 .. 50,000",0
1601590,0,"20,000 .. 50,000",0
1490550,0,"20,000 .. 50,000",0
1064750,0,"20,000 .. 50,000",0
951920,0,"20,000 .. 50,000",0
2266010,0,"20,000 .. 50,000",0
1095610,0,"20,000 .. 50,000",0
2296980,0,"20,000 .. 50,000",0
2293680,0,"20,000 .. 50,000",0
2064470,0,"20,000 .. 50,000",0
865370,0,"20,000 .. 50,000",0
987790,0,"20,000 .. 50,000",0
1069090,0,"20,000 .. 50,000",0
1208380,0,"20,000 .. 50,000",0
1920720,0,"20,000 .. 50,000",0
1386770,0,"20,000 .. 50,000",0
1211120,0,"20,000 .. 50,000",405
2615010,0,"20,000 .. 50,000",175
1662860,0,"20,000 .. 50,000",0
1127310,0,"20,000 .. 50,000",132
2661210,0,"20,000 .. 50,000",0
2000800,0,"20,000 .. 50,000",18
908740,0,"20,000 .. 50,000",37
1346720,0,"20,000 .. 50,000",0
617850,0,"20,000 .. 50,000",2159
443000,0,"20,000 .. 50,000",81
1079230,0,"20,000 .. 50,000",125
505060,0,"20,000 .. 50,000",93
1023980,0,"20,000 .. 50,000",98
1165870,0,"20,000 .. 50,000",38
2010030,0,"20,000 .. 50,000",319
1266600,0,"20,000 .. 50,000",179
1043340,0,"20,000 .. 50,000",941
3703570,0,"20,000 .. 50,000",0
1678250,0,"20,000 .. 50,000",0
1533680,0,"20,000 .. 50,000",100
1655990,0,"20,000 .. 50,000",0
3125250,0,"20,000 .. 50,000",154
2076810,0,"20,000 .. 50,000",0
986080,0,"20,000 .. 50,000",0
602080,0,"20,000 .. 50,000",0
784050,0,"20,000 .. 50,000",38
467900,0,"20,000 .. 50,000",0
1944670,0,"20,000 .. 50,000",8
703680,0,"20,000 .. 50,000",0
3040560,0,"20,000 .. 50,000",57
1635020,0,"20,000 .. 50,000",0
2414680,0,"20,000 .. 50,000",0
785150,0,"20,000 .. 50,000",0
1517770,0,"20,000 .. 50,000",0
612250,0,"20,000 .. 50,000",340
1838170,0,"20,000 .. 50,000",0
2170320,0,"20,000 .. 50,000",0
1594980,0,"20,000 .. 50,000",0
364670,0,"20,000 .. 50,000",0
2301750,0,"20,000 .. 50,000",0
1637570,0,"20,000 .. 50,000",0
2326960,0,"20,000 .. 50,000",0
1730980,0,"20,000 .. 50,000",0
2672260,0,"20,000 .. 50,000",0
2577290,0,"20,000 .. 50,000",0
3358020,0,"20,000 .. 50,000",0
2552310,0,"20,000 .. 50,000",66
3161060,0,"20,000 .. 50,000",0
1979130,0,"20,000 .. 50,000",0
269590,0,"20,000 .. 50,000",72
1002890,0,"20,000 .. 50,000",0
2073040,0,"20,000 .. 50,000",0
1233170,0,"20,000 .. 50,000",0
1881460,0,"20,000 .. 50,000",0
845870,0,"20,000 .. 50,000",0
2250560,0,"20,000 .. 50,000",0
682620,0,"20,000 .. 50,000",0
2467310,0,"20,000 .. 50,000",0
2421440,0,"20,000 .. 50,000",0
1725860,0,"20,000 .. 50,000",0
997560,0,"20,000 .. 50,000",0
1485650,0,"20,000 .. 50,000",335
547750,0,"20,000 .. 50,000",0
1092050,0,"20,000 .. 50,000",0
510930,0,"20,000 .. 50,000",0
2613720,0,"20,000 .. 50,000",0
843720,0,"20,000 .. 50,000",299
2000160,0,"20,000 .. 50,000",108
895140,0,"20,000 .. 50,000",48
1681600,0,"20,000 .. 50,000",830
1295900,0,"20,000 .. 50,000",395
3151710,0,"20,000 .. 50,000",0
2214220,0,"20,000 .. 50,000",126
2530470,0,"20,000 .. 50,000",359
423780,0,"20,000 .. 50,000",0
428910,0,"20,000 .. 50,000",0
1274230,0,"20,000 .. 50,000",0
2091620,0,"20,000 .. 50,000",0
1732800,0,"20,000 .. 50,000",0
2156300,0,"20,000 .. 50,000",0
730550,0,"20,000 .. 50,000",9
759540,0,"20,000 .. 50,000",0
537630,0,"20,000 .. 50,000",0
3318000,0,"20,000 .. 50,000",0
2725010,0,"20,000 .. 50,000",0
660830,0,"20,000 .. 50,000",0
2731760,0,"20,000 .. 50,000",0
2892850,0,"20,000 .. 50,000",0
1358650,0,"20,000 .. 50,000",0
787170,0,"20,000 .. 50,000",0
1722580,0,"20,000 .. 50,000",0
1921130,0,"20,000 .. 50,000",0
1422270,0,"20,000 .. 50,000",0
2148240,0,"20,000 .. 50,000",0
1914700,0,"20,000 .. 50,000",0
2115080,0,"20,000 .. 50,000",0
1813470,0,"20,000 .. 50,000",0
2954150,0,"20,000 .. 50,000",0
2843810,0,"20,000 .. 50,000",0
2334250,0,"20,000 .. 50,000",0
1488170,0,"20,000 .. 50,000",0
1605440,0,"20,000 .. 50,000",0
1560330,0,"20,000 .. 50,000",0
1381450,0,"20,000 .. 50,000",0
689830,0,"20,000 .. 50,000",0
2281520,0,"20,000 .. 50,000",0
1373230,0,"20,000 .. 50,000",0
1234580,0,"20,000 .. 50,000",0
1684880,0,"20,000 .. 50,000",0
934250,0,"20,000 .. 50,000",0
2000000,0,"20,000 .. 50,000",0
1697630,0,"20,000 .. 50,000",0
1681110,0,"20,000 .. 50,000",0
2707990,0,"20,000 .. 50,000",0
2256920,0,"20,000 .. 50,000",0
884350,0,"20,000 .. 50,000",0
931220,0,"20,000 .. 50,000",0
567320,0,"20,000 .. 50,000",9
1458990,0,"20,000 .. 50,000",0
1476680,0,"20,000 .. 50,000",54
1694260,0,"20,000 .. 50,000",467
775620,0,"20,000 .. 50,000",0
1151720,0,"20,000 .. 50,000",0
2199580,0,"20,000 .. 50,000",10
1392650,0,"20,000 .. 50,000",14
1821680,0,"20,000 .. 50,000",557
347170,0,"20,000 .. 50,000",190
2302150,0,"20,000 .. 50,000",179
750170,0,"20,000 .. 50,000",1198
2823890,0,"20,000 .. 50,000",41
3514690,0,"20,000 .. 50,000",0
445550,0,"20,000 .. 50,000",221
1427420,0,"20,000 .. 50,000",0
1986940,0,"20,000 .. 50,000",0
664460,0,"20,000 .. 50,000",0
1358830,0,"20,000 .. 50,000",0
1018610,0,"20,000 .. 50,000",0
1393830,0,"20,000 .. 50,000",0
1602000,0,"20,000 .. 50,000",1252
2789400,0,"20,000 .. 50,000",0
2186100,0,"20,000 .. 50,000",0
376620,0,"20,000 .. 50,000",0
1171870,0,"20,000 .. 50,000",0
1633140,0,"20,000 .. 50,000",0
498630,0,"20,000 .. 50,000",0
1602810,0,"20,000 .. 50,000",0
3378830,0,"20,000 .. 50,000",0
1596690,0,"20,000 .. 50,000",0
3376640,0,"20,000 .. 50,000",0
2882610,0,"20,000 .. 50,000",0
2567530,0,"20,000 .. 50,000",0
991790,0,"20,000 .. 50,000",0
510060,0,"20,000 .. 50,000",0
344820,0,"20,000 .. 50,000",105
1274540,0,"20,000 .. 50,000",0
1822770,0,"20,000 .. 50,000",0
2987150,0,"0 .. 20,000",0
513060,0,"0 .. 20,000",0
993860,0,"0 .. 20,000",0
994250,0,"0 .. 20,000",0
1631290,0,"0 .. 20,000",0
2394460,0,"0 .. 20,000",0
1855380,0,"0 .. 20,000",0
1295420,0,"0 .. 20,000",0
2347210,0,"0 .. 20,000",0
1523630,0,"0 .. 20,000",0
2980220,0,"0 .. 20,000",0
2978220,0,"0 .. 20,000",0
2307430,0,"0 .. 20,000",0
1494670,0,"0 .. 20,000",0
1061600,0,"0 .. 20,000",0
1831670,0,"0 .. 20,000",0
670490,0,"0 .. 20,000",202
1323860,0,"0 .. 20,000",0
1986790,0,"0 .. 20,000",0
1662010,0,"0 .. 20,000",55
378480,0,"0 .. 20,000",56
1670810,0,"0 .. 20,000",300
1070150,0,"0 .. 20,000",41
1154120,0,"0 .. 20,000",79
2921650,0,"0 .. 20,000",29
1090800,0,"0 .. 20,000",0
1762570,0,"0 .. 20,000",749
1148480,0,"0 .. 20,000",0
1305080,0,"0 .. 20,000",314
2300230,0,"0 .. 20,000",217
3204920,0,"0 .. 20,000",0
3265070,0,"0 .. 20,000",65
2157710,0,"0 .. 20,000",75
2127550,0,"0 .. 20,000",0
1844340,0,"0 .. 20,000",0
685110,0,"0 .. 20,000",0
1617420,0,"0 .. 20,000",4
2145190,0,"0 .. 20,000",0
984610,0,"0 .. 20,000",52
1480930,0,"0 .. 20,000",0
909970,0,"0 .. 20,000",42
1063590,0,"0 .. 20,000",76
2096310,0,"0 .. 20,000",61
1206670,0,"0 .. 20,000",156
1077530,0,"0 .. 20,000",176
3649760,0,"0 .. 20,000",0
3584190,0,"0 .. 20,000",0
3245050,0,"0 .. 20,000",0
460730,0,"0 .. 20,000",0
2537550,0,"0 .. 20,000",0
2416770,0,"0 .. 20,000",0
1509450,0,"0 .. 20,000",0
1288430,0,"0 .. 20,000",0
2787750,0,"0 .. 20,000",0
2659690,0,"0 .. 20,000",0
3498390,0,"0 .. 20,000",1099
1749430,0,"0 .. 20,000",0
1070320,0,"0 .. 20,000",772
894330,0,"0 .. 20,000",0
1576900,0,"0 .. 20,000",0
1282770,0,"0 .. 20,000",0
1401530,0,"0 .. 20,000",0
652330,0,"0 .. 20,000",0
467570,0,"0 .. 20,000",16
922080,0,"0 .. 20,000",0
1898630,0,"0 .. 20,000",0
1476870,0,"0 .. 20,000",0
1554050,0,"0 .. 20,000",0
1969230,0,"0 .. 20,000",0
1975090,0,"0 .. 20,000",0
1867550,0,"0 .. 20,000",0
2098670,0,"0 .. 20,000",0
1771930,0,"0 .. 20,000",0
1565610,0,"0 .. 20,000",0
2669950,0,"0 .. 20,000",0
3367170,0,"0 .. 20,000",0
1305260,0,"0 .. 20,000",0
2329490,0,"0 .. 20,000",0
3070410,0,"0 .. 20,000",0
2899880,0,"0 .. 20,000",0
859990,0,"0 .. 20,000",0
769420,0,"0 .. 20,000",0
761040,0,"0 .. 20,000",0
462440,0,"0 .. 20,000",206
829080,0,"0 .. 20,000",0
2225730,0,"0 .. 20,000",0
1440470,0,"0 .. 20,000",0
269350,0,"0 .. 20,000",34
1338730,0,"0 .. 20,000",0
1929550,0,"0 .. 20,000",0
1703330,0,"0 .. 20,000",0
2315800,0,"0 .. 20,000",0
1202830,0,"0 .. 20,000",0
1956240,0,"0 .. 20,000",0
1592210,0,"0 .. 20,000",0
2072690,0,"0 .. 20,000",0
1516730,0,"0 .. 20,000",0
2116460,0,"0 .. 20,000",0
801010,0,"0 .. 20,000",49
1162140,0,"0 .. 20,000",0
1855660,0,"0 .. 20,000",0
2526410,0,"0 .. 20,000",221
1430750,0,"0 .. 20,000",22
1328490,0,"0 .. 20,000",0
1670120,0,"0 .. 20,000",28
1874190,0,"0 .. 20,000",0
1341300,0,"0 .. 20,000",215
410830,0,"0 .. 20,000",0
704830,0,"0 .. 20,000",331
1465380,0,"0 .. 20,000",0
2358040,0,"0 .. 20,000",85
1268900,0,"0 .. 20,000",10
713460,0,"0 .. 20,000",15
1101400,0,"0 .. 20,000",164
909380,0,"0 .. 20,000",600
1157700,0,"0 .. 20,000",1708
1011590,0,"0 .. 20,000",78
1874380,0,"0 .. 20,000",0
1135560,0,"0 .. 20,000",0
1064600,0,"0 .. 20,000",0
513210,0,"0 .. 20,000",120
1226000,0,"0 .. 20,000",0
773460,0,"0 .. 20,000",16
1302750,0,"0 .. 20,000",234
2536260,0,"0 .. 20,000",136
462400,0,"0 .. 20,000",365
1026760,0,"0 .. 20,000",0
1028090,0,"0 .. 20,000",0
1621480,0,"0 .. 20,000",0
3014680,0,"0 .. 20,000",346
1461980,0,"0 .. 20,000",0
1133500,0,"0 .. 20,000",241
710230,0,"0 .. 20,000",330
1870220,0,"0 .. 20,000",0
1241160,0,"0 .. 20,000",0
2198620,0,"0 .. 20,000",0
618840,0,"0 .. 20,000",207
562800,0,"0 .. 20,000",0
1796350,0,"0 .. 20,000",0
1974040,0,"0 .. 20,000",0
1580870,0,"0 .. 20,000",0
1267410,0,"0 .. 20,000",0
1942920,0,"0 .. 20,000",0
2109630,0,"0 .. 20,000",0
1887360,0,"0 .. 20,000",0
668830,0,"0 .. 20,000",0
1480030,0,"0 .. 20,000",0
1836290,0,"0 .. 20,000",0
2526060,0,"0 .. 20,000",0
2183360,0,"0 .. 20,000",0
2945880,0,"0 .. 20,000",0
1266340,0,"0 .. 20,000",0
2026230,0,"0 .. 20,000",0
2116060,0,"0 .. 20,000",480
2439830,0,"0 .. 20,000",0
2120880,0,"0 .. 20,000",0
2435330,0,"0 .. 20,000",0
1496710,0,"0 .. 20,000",0
673220,0,"0 .. 20,000",9
1046350,0,"0 .. 20,000",0
1314480,0,"0 .. 20,000",0
1459170,0,"0 .. 20,000",0
796430,0,"0 .. 20,000",0
1303590,0,"0 .. 20,000",0
2129950,0,"0 .. 20,000",0
1617510,0,"0 .. 20,000",0
1379050,0,"0 .. 20,000",0
1857900,0,"0 .. 20,000",0
922560,0,"0 .. 20,000",0
2097200,0,"0 .. 20,000",0
1692170,0,"0 .. 20,000",0
724950,0,"0 .. 20,000",0
1336150,0,"0 .. 20,000",0
1376820,0,"0 .. 20,000",0
1073020,0,"0 .. 20,000",0
1872870,0,"0 .. 20,000",0
1712110,0,"0 .. 20,000",0
2869320,0,"0 .. 20,000",0
907180,0,"0 .. 20,000",0
2141810,0,"0 .. 20,000",0
2814790,0,"0 .. 20,000",0
1833540,0,"0 .. 20,000",0
1283830,0,"0 .. 20,000",0
1795750,0,"0 .. 20,000",0
1061820,0,"0 .. 20,000",0
500750,0,"0 .. 20,000",7
1641730,0,"0 .. 20,000",0
2406030,0,"0 .. 20,000",0
779960,0,"0 .. 20,000",1
851640,0,"0 .. 20,000",29
1465260,0,"0 .. 20,000",0
2005050,0,"0 .. 20,000",411
2720010,0,"0 .. 20,000",0
1002430,0,"0 .. 20,000",460
1383150,0,"0 .. 20,000",73
1769270,0,"0 .. 20,000",0
2165470,0,"0 .. 20,000",583
1847510,0,"0 .. 20,000",26
2729480,0,"0 .. 20,000",60
750470,0,"0 .. 20,000",401
2403290,0,"0 .. 20,000",0
863500,0,"0 .. 20,000",0
686600,0,"0 .. 20,000",27
3038010,0,"0 .. 20,000",0
2560100,0,"0 .. 20,000",0
3232040,0,"0 .. 20,000",133
740270,0,"0 .. 20,000",0
2066460,0,"0 .. 20,000",0
1496310,0,"0 .. 20,000",0
1028800,0,"0 .. 20,000",17
537000,0,"0 .. 20,000",37
913890,0,"0 .. 20,000",0
2669380,0,"0 .. 20,000",183
2730530,0,"0 .. 20,000",757
2800150,0,"0 .. 20,000",0
1262170,0,"0 .. 20,000",0
372750,0,"0 .. 20,000",611
1860250,0,"0 .. 20,000",0
1834740,0,"0 .. 20,000",0
882150,0,"0 .. 20,000",234
2213650,0,"0 .. 20,000",0
2153420,0,"0 .. 20,000",0
791290,0,"0 .. 20,000",0
433660,0,"0 .. 20,000",0
2932940,0,"0 .. 20,000",0
1458480,0,"0 .. 20,000",0
1834640,0,"0 .. 20,000",0
1777120,0,"0 .. 20,000",0
2163860,0,"0 .. 20,000",0
1878290,0,"0 .. 20,000",0
2635460,0,"0 .. 20,000",0
1895960,0,"0 .. 20,000",0
2391090,0,"0 .. 20,000",0
2718460,0,"0 .. 20,000",0
901020,0,"0 .. 20,000",0
891090,0,"0 .. 20,000",0
815210,0,"0 .. 20,000",1240
2152790,0,"0 .. 20,000",0
1328400,0,"0 .. 20,000",0
2522830,0,"0 .. 20,000",0
1846940,0,"0 .. 20,000",0
2263520,0,"0 .. 20,000",0
2803110,0,"0 .. 20,000",0
1322010,0,"0 .. 20,000",0
2207980,0,"0 .. 20,000",0
1756150,0,"0 .. 20,000",0
814310,0,"0 .. 20,000",0
565730,0,"0 .. 20,000",11
1227160,0,"0 .. 20,000",0
716040,0,"0 .. 20,000",0
1276490,0,"0 .. 20,000",0
1596430,0,"0 .. 20,000",0
1573110,0,"0 .. 20,000",0
1855340,0,"0 .. 20,000",0
1426190,0,"0 .. 20,000",0
1473070,0,"0 .. 20,000",0
1352730,0,"0 .. 20,000",0
1849840,0,"0 .. 20,000",0
2474820,0,"0 .. 20,000",0
1206730,0,"0 .. 20,000",0
998590,0,"0 .. 20,000",0
2099120,0,"0 .. 20,000",0
1422790,0,"0 .. 20,000",0
1013410,0,"0 .. 20,000",0
989210,0,"0 .. 20,000",0
1036540,0,"0 .. 20,000",0
2681950,0,"0 .. 20,000",0
2764840,0,"0 .. 20,000",0
2675820,0,"0 .. 20,000",0
1064120,0,"0 .. 20,000",0
1710740,0,"0 .. 20,000",31
1283430,0,"0 .. 20,000",0
945890,0,"0 .. 20,000",0
657990,0,"0 .. 20,000",498
2075050,0,"0 .. 20,000",0
1739650,0,"0 .. 20,000",628
2144220,0,"0 .. 20,000",0
2268560,0,"0 .. 20,000",343
1142220,0,"0 .. 20,000",166
496250,0,"0 .. 20,000",101
752910,0,"0 .. 20,000",189
2450400,0,"0 .. 20,000",267
2789810,0,"0 .. 20,000",208
2505570,0,"0 .. 20,000",3239
1069190,0,"0 .. 20,000",375
833090,0,"0 .. 20,000",45
3183730,0,"0 .. 20,000",74
3430470,0,"0 .. 20,000",412
1481060,0,"0 .. 20,000",0
1153880,0,"0 .. 20,000",0
2184150,0,"0 .. 20,000",0
3394040,0,"0 .. 20,000",0
2772380,0,"0 .. 20,000",0
1094250,0,"0 .. 20,000",0
3117810,0,"0 .. 20,000",0
2761060,0,"0 .. 20,000",0
2164220,0,"0 .. 20,000",0
1571890,0,"0 .. 20,000",0
984450,0,"0 .. 20,000",0
1773700,0,"0 .. 20,000",0
548560,0,"0 .. 20,000",53
1422050,0,"0 .. 20,000",0
332760,0,"0 .. 20,000",0
2023350,0,"0 .. 20,000",0
1380890,0,"0 .. 20,000",0
1496930,0,"0 .. 20,000",0
984790,0,"0 .. 20,000",0
2656990,0,"0 .. 20,000",0
1924020,0,"0 .. 20,000",0
1951380,0,"0 .. 20,000",0
980360,0,"0 .. 20,000",0
2005070,0,"0 .. 20,000",0
2026470,0,"0 .. 20,000",0
3234380,0,"0 .. 20,000",0
2661850,0,"0 .. 20,000",0
1579890,0,"0 .. 20,000",0
1461370,0,"0 .. 20,000",0
2145740,0,"0 .. 20,000",0
1096760,0,"0 .. 20,000",0
1234380,0,"0 .. 20,000",0
1667160,0,"0 .. 20,000",0
1699280,0,"0 .. 20,000",0
2213450,0,"0 .. 20,000",0
1632030,0,"0 .. 20,000",0
1980010,0,"0 .. 20,000",0
383020,0,"0 .. 20,000",0
2213830,0,"0 .. 20,000",0
2074550,0,"0 .. 20,000",0
1939930,0,"0 .. 20,000",0
1590500,0,"0 .. 20,000",0
844210,0,"0 .. 20,000",0
2205130,0,"0 .. 20,000",0
1626680,0,"0 .. 20,000",0
1451440,0,"0 .. 20,000",0
1801830,0,"0 .. 20,000",0
1489340,0,"0 .. 20,000",0
2435470,0,"0 .. 20,000",0
433960,0,"0 .. 20,000",0
1165780,0,"0 .. 20,000",0
1707890,0,"0 .. 20,000",0
2378310,0,"0 .. 20,000",0
713010,0,"0 .. 20,000",166
404070,0,"0 .. 20,000",115
1400080,0,"0 .. 20,000",0
885690,0,"0 .. 20,000",0
1024630,0,"0 .. 20,000",6
681060,0,"0 .. 20,000",13
2269320,0,"0 .. 20,000",458
2393580,0,"0 .. 20,000",3
2496920,0,"0 .. 20,000",0
2172320,0,"0 .. 20,000",0
714590,0,"0 .. 20,000",612
1055490,0,"0 .. 20,000",674
389050,0,"0 .. 20,000",220
1120370,0,"0 .. 20,000",1323
2094070,0,"0 .. 20,000",404
2330360,0,"0 .. 20,000",334
892510,0,"0 .. 20,000",0
1494560,0,"0 .. 20,000",3235
848050,0,"0 .. 20,000",376
3397690,0,"0 .. 20,000",0
1837480,0,"0 .. 20,000",80
1238250,0,"0 .. 20,000",0
2445160,0,"0 .. 20,000",0
1222200,0,"0 .. 20,000",0
1825740,0,"0 .. 20,000",11
440310,0,"0 .. 20,000",551
405680,0,"0 .. 20,000",0
3220730,0,"0 .. 20,000",0
946880,0,"0 .. 20,000",0
3225010,0,"0 .. 20,000",179
2556940,0,"0 .. 20,000",0
339240,0,"0 .. 20,000",0
1596580,0,"0 .. 20,000",0
2710420,0,"0 .. 20,000",0
1526430,0,"0 .. 20,000",7
1506680,0,"0 .. 20,000",94
549040,0,"0 .. 20,000",544
696650,0,"0 .. 20,000",915
946610,0,"0 .. 20,000",841
2171550,0,"0 .. 20,000",0
1218940,0,"0 .. 20,000",0
447940,0,"0 .. 20,000",118
1970020,0,"0 .. 20,000",75
1011000,0,"0 .. 20,000",0
766740,0,"0 .. 20,000",0
647530,0,"0 .. 20,000",0
1514910,0,"0 .. 20,000",0
1751860,0,"0 .. 20,000",0
2238240,0,"0 .. 20,000",0
1497590,0,"0 .. 20,000",0
695690,0,"0 .. 20,000",10
791390,0,"0 .. 20,000",0
2104110,0,"0 .. 20,000",0
1400440,0,"0 .. 20,000",0
3214180,0,"0 .. 20,000",0
2889190,0,"0 .. 20,000",0
2266640,0,"0 .. 20,000",0
2779380,0,"0 .. 20,000",0
600250,0,"0 .. 20,000",34
1002020,0,"0 .. 20,000",0
1924740,0,"0 .. 20,000",0
1388760,0,"0 .. 20,000",0
2221910,0,"0 .. 20,000",0
1884970,0,"0 .. 20,000",0
3342240,0,"0 .. 20,000",0
2335140,0,"0 .. 20,000",0
2462120,0,"0 .. 20,000",0
2928220,0,"0 .. 20,000",0
3422170,0,"0 .. 20,000",0
3510500,0,"0 .. 20,000",0
3141250,0,"0 .. 20,000",0
246880,0,"0 .. 20,000",0
1272500,0,"0 .. 20,000",0
1109220,0,"0 .. 20,000",0
1101620,0,"0 .. 20,000",0
726250,0,"0 .. 20,000",64
525610,0,"0 .. 20,000",222
2180530,0,"0 .. 20,000",0
1950830,0,"0 .. 20,000",0
1966240,0,"0 .. 20,000",0
1670860,0,"0 .. 20,000",0
1170250,0,"0 .. 20,000",0
1867840,0,"0 .. 20,000",0
2337510,0,"0 .. 20,000",0
1672930,0,"0 .. 20,000",0
665840,0,"0 .. 20,000",0
1401110,0,"0 .. 20,000",0
1679180,0,"0 .. 20,000",0
2107870,0,"0 .. 20,000",0
872400,0,"0 .. 20,000",0
1729920,0,"0 .. 20,000",0
1125650,0,"0 .. 20,000",0
3090670,0,"0 .. 20,000",0
3220670,0,"0 .. 20,000",0
1769130,0,"0 .. 20,000",0
2191270,0,"0 .. 20,000",0
1782480,0,"0 .. 20,000",0
765180,0,"0 .. 20,000",38
858900,0,"0 .. 20,000",0
1156120,0,"0 .. 20,000",0
1070780,0,"0 .. 20,000",0
2322090,0,"0 .. 20,000",1585
744670,0,"0 .. 20,000",0
2180000,0,"0 .. 20,000",166
1762550,0,"0 .. 20,000",333
1790340,0,"0 .. 20,000",21
2359470,0,"0 .. 20,000",206
437610,0,"0 .. 20,000",48
1055090,0,"0 .. 20,000",115
1187330,0,"0 .. 20,000",27
657280,0,"0 .. 20,000",36
431770,0,"0 .. 20,000",140
1700300,0,"0 .. 20,000",968
315840,0,"0 .. 20,000",525
1703610,0,"0 .. 20,000",125
1928620,0,"0 .. 20,000",0
2497560,0,"0 .. 20,000",0
1557420,0,"0 .. 20,000",11
3452160,0,"0 .. 20,000",0
1687730,0,"0 .. 20,000",0
675410,0,"0 .. 20,000",0
977920,0,"0 .. 20,000",205
3191710,0,"0 .. 20,000",0
1803360,0,"0 .. 20,000",0
1062550,0,"0 .. 20,000",0
1964140,0,"0 .. 20,000",0
918080,0,"0 .. 20,000",0
2363620,0,"0 .. 20,000",0
2485150,0,"0 .. 20,000",0
1447710,0,"0 .. 20,000",0
1633230,0,"0 .. 20,000",0
1534050,0,"0 .. 20,000",0
2104970,0,"0 .. 20,000",0
1672830,0,"0 .. 20,000",0
1044460,0,"0 .. 20,000",0
2025830,0,"0 .. 20,000",0
1402290,0,"0 .. 20,000",0
751240,0,"0 .. 20,000",1539
1869280,0,"0 .. 20,000",0
2678460,0,"0 .. 20,000",0
1882330,0,"0 .. 20,000",0
2531210,0,"0 .. 20,000",0
2941810,0,"0 .. 20,000",0
368980,0,"0 .. 20,000",148
1339110,0,"0 .. 20,000",0
1849850,0,"0 .. 20,000",0
3012350,0,"0 .. 20,000",0
2005240,0,"0 .. 20,000",0
2824400,0,"0 .. 20,000",0
1291210,0,"0 .. 20,000",0
2561680,0,"0 .. 20,000",0
2019700,0,"0 .. 20,000",0
2461760,0,"0 .. 20,000",0
3252400,0,"0 .. 20,000",0
3250210,0,"0 .. 20,000",0
3070260,0,"0 .. 20,000",0
1741900,0,"0 .. 20,000",0
2363000,0,"0 .. 20,000",0
2674270,0,"0 .. 20,000",0
1071700,0,"0 .. 20,000",0
1466430,0,"0 .. 20,000",0
922480,0,"0 .. 20,000",0
684340,0,"0 .. 20,000",0
1420510,0,"0 .. 20,000",0
766650,0,"0 .. 20,000",0
259450,0,"0 .. 20,000",45
416020,0,"0 .. 20,000",170
1445670,0,"0 .. 20,000",0
1602970,0,"0 .. 20,000",0
1360140,0,"0 .. 20,000",0
2121130,0,"0 .. 20,000",0
1387060,0,"0 .. 20,000",0
1076450,0,"0 .. 20,000",0
1359440,0,"0 .. 20,000",0
1601260,0,"0 .. 20,000",0
1191570,0,"0 .. 20,000",0
1368240,0,"0 .. 20,000",0
1656740,0,"0 .. 20,000",0
1384510,0,"0 .. 20,000",0
1509050,0,"0 .. 20,000",0
2334650,0,"0 .. 20,000",0
3113160,0,"0 .. 20,000",0
1518020,0,"0 .. 20,000",0
1221420,0,"0 .. 20,000",0
1258090,0,"0 .. 20,000",0
463920,0,"0 .. 20,000",3
2976160,0,"0 .. 20,000",0
1295810,0,"0 .. 20,000",0
2176070,0,"0 .. 20,000",0
2735220,0,"0 .. 20,000",73
965080,0,"0 .. 20,000",0
1682340,0,"0 .. 20,000",0
2162820,0,"0 .. 20,000",151
1754960,0,"0 .. 20,000",0
1600500,0,"0 .. 20,000",7400
506480,0,"0 .. 20,000",559
777590,0,"0 .. 20,000",614
680590,0,"0 .. 20,000",0
904960,0,"0 .. 20,000",370
2793770,0,"0 .. 20,000",0
3492560,0,"0 .. 20,000",0
1243580,0,"0 .. 20,000",0
1513860,0,"0 .. 20,000",0
403590,0,"0 .. 20,000",0
1417000,0,"0 .. 20,000",0
1975420,0,"0 .. 20,000",0
2243140,0,"0 .. 20,000",60
418910,0,"0 .. 20,000",1920
905970,0,"0 .. 20,000",44
3556660,0,"0 .. 20,000",0
2420040,0,"0 .. 20,000",0
3301070,0,"0 .. 20,000",0
3300510,0,"0 .. 20,000",0
2501650,0,"0 .. 20,000",150
3123290,0,"0 .. 20,000",0
3289090,0,"0 .. 20,000",492
918780,0,"0 .. 20,000",0
3398140,0,"0 .. 20,000",0
3567940,0,"0 .. 20,000",0
2126340,0,"0 .. 20,000",0
1011220,0,"0 .. 20,000",0
1146010,0,"0 .. 20,000",0
808800,0,"0 .. 20,000",201
1574750,0,"0 .. 20,000",0
1605520,0,"0 .. 20,000",0
765250,0,"0 .. 20,000",0
1779550,0,"0 .. 20,000",0
1188130,0,"0 .. 20,000",0
793560,0,"0 .. 20,000",57
370750,0,"0 .. 20,000",0
2820840,0,"0 .. 20,000",0
2677240,0,"0 .. 20,000",0
1706260,0,"0 .. 20,000",0
1643460,0,"0 .. 20,000",0
2484220,0,"0 .. 20,000",0
1651260,0,"0 .. 20,000",0
1871430,0,"0 .. 20,000",0
2326650,0,"0 .. 20,000",0
1481550,0,"0 .. 20,000",0
2618420,0,"0 .. 20,000",0
1791400,0,"0 .. 20,000",0
1589790,0,"0 .. 20,000",0
2542520,0,"0 .. 20,000",0
2372860,0,"0 .. 20,000",0
1707410,0,"0 .. 20,000",0
982920,0,"0 .. 20,000",0
1314500,0,"0 .. 20,000",0
2383080,0,"0 .. 20,000",0
1212550,0,"0 .. 20,000",0
300760,0,"0 .. 20,000",329
2444600,0,"0 .. 20,000",0
887830,0,"0 .. 20,000",17
3115850,0,"0 .. 20,000",0
2064000,0,"0 .. 20,000",0
1858090,0,"0 .. 20,000",0
1973280,0,"0 .. 20,000",0
3123080,0,"0 .. 20,000",0
2561720,0,"0 .. 20,000",0
1948540,0,"0 .. 20,000",0
1774770,0,"0 .. 20,000",0
1995530,0,"0 .. 20,000",0
3542920,0,"0 .. 20,000",0
2778780,0,"0 .. 20,000",0
3287900,0,"0 .. 20,000",0
1344520,0,"0 .. 20,000",0
540180,0,"0 .. 20,000",0
454680,0,"0 .. 20,000",290
328740,0,"0 .. 20,000",0
1239430,0,"0 .. 20,000",0
898460,0,"0 .. 20,000",0
828890,0,"0 .. 20,000",27
1370470,0,"0 .. 20,000",0
332650,0,"0 .. 20,000",35
1986390,0,"0 .. 20,000",34
1280070,0,"0 .. 20,000",0
2075340,0,"0 .. 20,000",0
355190,0,"0 .. 20,000",9
849270,0,"0 .. 20,000",0
803320,0,"0 .. 20,000",0
1091030,0,"0 .. 20,000",0
466220,0,"0 .. 20,000",223
1283250,0,"0 .. 20,000",0
860670,0,"0 .. 20,000",5
1461410,0,"0 .. 20,000",0
1736680,0,"0 .. 20,000",0
1110210,0,"0 .. 20,000",0
658250,0,"0 .. 20,000",0
1433540,0,"0 .. 20,000",0
1029790,0,"0 .. 20,000",0
1448400,0,"0 .. 20,000",0
435050,0,"0 .. 20,000",0
554920,0,"0 .. 20,000",0
327000,0,"0 .. 20,000",0
1476140,0,"0 .. 20,000",0
2205070,0,"0 .. 20,000",0
2194570,0,"0 .. 20,000",0
963510,0,"0 .. 20,000",0
2708140,0,"0 .. 20,000",0
1308280,0,"0 .. 20,000",0
670440,0,"0 .. 20,000",8
2358600,0,"0 .. 20,000",0
2082260,0,"0 .. 20,000",0
1497780,0,"0 .. 20,000",0
1927930,0,"0 .. 20,000",0
2497110,0,"0 .. 20,000",0
1911780,0,"0 .. 20,000",0
1232510,0,"0 .. 20,000",0
1771730,0,"0 .. 20,000",0
2095180,0,"0 .. 20,000",0
1794250,0,"0 .. 20,000",0
1597980,0,"0 .. 20,000",668
640860,0,"0 .. 20,000",0
397750,0,"0 .. 20,000",7
1403280,0,"0 .. 20,000",0
1839930,0,"0 .. 20,000",0
2539910,0,"0 .. 20,000",84
1451680,0,"0 .. 20,000",712
1449780,0,"0 .. 20,000",0
1677970,0,"0 .. 20,000",1823
297470,0,"0 .. 20,000",71
2149420,0,"0 .. 20,000",73
908360,0,"0 .. 20,000",217
2696400,0,"0 .. 20,000",2
3119430,0,"0 .. 20,000",0
374780,0,"0 .. 20,000",0
3303010,0,"0 .. 20,000",0
1599910,0,"0 .. 20,000",0
849090,0,"0 .. 20,000",0
1074040,0,"0 .. 20,000",0
1247370,0,"0 .. 20,000",0
1408710,0,"0 .. 20,000",0
2058200,0,"0 .. 20,000",17
2908820,0,"0 .. 20,000",0
2283580,0,"0 .. 20,000",271
2959610,0,"0 .. 20,000",18
726820,0,"0 .. 20,000",7
1571040,0,"0 .. 20,000",0
2116150,0,"0 .. 20,000",0
1687840,0,"0 .. 20,000",0
2222710,0,"0 .. 20,000",0
2446180,0,"0 .. 20,000",0
598170,0,"0 .. 20,000",121
1131450,0,"0 .. 20,000",0
3673560,0,"0 .. 20,000",0
2591060,0,"0 .. 20,000",0
2701980,0,"0 .. 20,000",0
2280350,0,"0 .. 20,000",105
429430,0,"0 .. 20,000",0
950240,0,"0 .. 20,000",0
339440,0,"0 .. 20,000",133
1890750,0,"0 .. 20,000",0
1877060,0,"0 .. 20,000",0
681990,0,"0 .. 20,000",0
1049220,0,"0 .. 20,000",0
684930,0,"0 .. 20,000",0
1500580,0,"0 .. 20,000",0
2264490,0,"0 .. 20,000",0
1319100,0,"0 .. 20,000",0
980440,0,"0 .. 20,000",0
528960,0,"0 .. 20,000",0
1068530,0,"0 .. 20,000",0
1766580,0,"0 .. 20,000",0
717760,0,"0 .. 20,000",0
1516980,0,"0 .. 20,000",0
1913530,0,"0 .. 20,000",0
2163730,0,"0 .. 20,000",0
2207220,0,"0 .. 20,000",0
1587020,0,"0 .. 20,000",0
1377160,0,"0 .. 20,000",0
2661490,0,"0 .. 20,000",0
1474390,0,"0 .. 20,000",0
357320,0,"0 .. 20,000",0
2378120,0,"0 .. 20,000",0
986790,0,"0 .. 20,000",0
1349340,0,"0 .. 20,000",0
2502430,0,"0 .. 20,000",0
3234450,0,"0 .. 20,000",0
771770,0,"0 .. 20,000",0
2128580,0,"0 .. 20,000",0
2071400,0,"0 .. 20,000",0
2181220,0,"0 .. 20,000",0
2800850,0,"0 .. 20,000",0
2476710,0,"0 .. 20,000",0
2315490,0,"0 .. 20,000",0
809180,0,"0 .. 20,000",0
913780,0,"0 .. 20,000",0
464950,0,"0 .. 20,000",0
843990,0,"0 .. 20,000",0
1044410,0,"0 .. 20,000",0
1674720,0,"0 .. 20,000",0
656530,0,"0 .. 20,000",12
429020,0,"0 .. 20,000",210
1876910,0,"0 .. 20,000",0
727450,0,"0 .. 20,000",0
675130,0,"0 .. 20,000",1
2072080,0,"0 .. 20,000",0
2201130,0,"0 .. 20,000",0
1701830,0,"0 .. 20,000",0
1635800,0,"0 .. 20,000",0
1109350,0,"0 .. 20,000",0
2005670,0,"0 .. 20,000",0
534780,0,"0 .. 20,000",0
2082520,0,"0 .. 20,000",0
1989980,0,"0 .. 20,000",0
719830,0,"0 .. 20,000",0
723810,0,"0 .. 20,000",0
697680,0,"0 .. 20,000",0
2010500,0,"0 .. 20,000",0
1402390,0,"0 .. 20,000",0
1283240,0,"0 .. 20,000",0
917710,0,"0 .. 20,000",0
416160,0,"0 .. 20,000",0
1148460,0,"0 .. 20,000",0
1455020,0,"0 .. 20,000",0
1906860,0,"0 .. 20,000",0
1382630,0,"0 .. 20,000",0
1180200,0,"0 .. 20,000",0
1016660,0,"0 .. 20,000",0
1448140,0,"0 .. 20,000",0
2550460,0,"0 .. 20,000",0
2762830,0,"0 .. 20,000",0
1194490,0,"0 .. 20,000",0
674890,0,"0 .. 20,000",0
2847600,0,"0 .. 20,000",0
1362670,0,"0 .. 20,000",0
938370,0,"0 .. 20,000",0
1413260,0,"0 .. 20,000",0
2942780,0,"0 .. 20,000",2083
2775470,0,"0 .. 20,000",0
2480210,0,"0 .. 20,000",0
2762480,0,"0 .. 20,000",0
2219690,0,"0 .. 20,000",0
1253160,0,"0 .. 20,000",0
1021780,0,"0 .. 20,000",0
3009460,0,"0 .. 20,000",0
712150,0,"0 .. 20,000",180
3095270,0,"0 .. 20,000",0
1367580,0,"0 .. 20,000",0
1817120,0,"0 .. 20,000",0
1586340,0,"0 .. 20,000",224
1607310,0,"0 .. 20,000",0
581220,0,"0 .. 20,000",16
2412200,0,"0 .. 20,000",49
1573590,0,"0 .. 20,000",21
678390,0,"0 .. 20,000",244
2868070,0,"0 .. 20,000",0
2131820,0,"0 .. 20,000",0
2431980,0,"0 .. 20,000",0
1857370,0,"0 .. 20,000",0
676510,0,"0 .. 20,000",33
2164030,0,"0 .. 20,000",47
2225480,0,"0 .. 20,000",0
2645490,0,"0 .. 20,000",14
3000030,0,"0 .. 20,000",3423
329190,0,"0 .. 20,000",63
780270,0,"0 .. 20,000",0
2162070,0,"0 .. 20,000",140
1565890,0,"0 .. 20,000",64
1668460,0,"0 .. 20,000",55
3681230,0,"0 .. 20,000",0
3652040,0,"0 .. 20,000",0
1723770,0,"0 .. 20,000",0
2379810,0,"0 .. 20,000",58
2292810,0,"0 .. 20,000",0
2757500,0,"0 .. 20,000",0
1192550,0,"0 .. 20,000",0
725960,0,"0 .. 20,000",203
2166020,0,"0 .. 20,000",380
1941980,0,"0 .. 20,000",0
660920,0,"0 .. 20,000",683
1651490,0,"0 .. 20,000",212
1980250,0,"0 .. 20,000",0
3499520,0,"0 .. 20,000",0
1031730,0,"0 .. 20,000",0
1998670,0,"0 .. 20,000",0
1308770,0,"0 .. 20,000",0
1276290,0,"0 .. 20,000",0
1244140,0,"0 .. 20,000",0
1688080,0,"0 .. 20,000",0
1009180,0,"0 .. 20,000",0
2164320,0,"0 .. 20,000",0
1430640,0,"0 .. 20,000",1502
2438270,0,"0 .. 20,000",0
3516160,0,"0 .. 20,000",0
2474850,0,"0 .. 20,000",0
2194640,0,"0 .. 20,000",0
2484100,0,"0 .. 20,000",0
739780,0,"0 .. 20,000",0
1326660,0,"0 .. 20,000",0
311980,0,"0 .. 20,000",0
972510,0,"0 .. 20,000",0
1389380,0,"0 .. 20,000",0
1258200,0,"0 .. 20,000",0
688350,0,"0 .. 20,000",0
373120,0,"0 .. 20,000",0
3304510,0,"0 .. 20,000",0
1222130,0,"0 .. 20,000",0
1839780,0,"0 .. 20,000",0
1014890,0,"0 .. 20,000",0
1547090,0,"0 .. 20,000",0
345710,0,"0 .. 20,000",0
1260910,0,"0 .. 20,000",0
1375440,0,"0 .. 20,000",0
2609150,0,"0 .. 20,000",0
964170,0,"0 .. 20,000",0
1646390,0,"0 .. 20,000",0
769720,0,"0 .. 20,000",108
1809480,0,"0 .. 20,000",0
578800,0,"0 .. 20,000",260
2245850,0,"0 .. 20,000",0
2421770,0,"0 .. 20,000",0
1512200,0,"0 .. 20,000",0
1076940,0,"0 .. 20,000",0
3078110,0,"0 .. 20,000",0
2351100,0,"0 .. 20,000",0
1980830,0,"0 .. 20,000",0
1698910,0,"0 .. 20,000",0
408060,0,"0 .. 20,000",35
2588800,0,"0 .. 20,000",0
2674080,0,"0 .. 20,000",0
1783930,0,"0 .. 20,000",0
2521480,0,"0 .. 20,000",0
1628790,0,"0 .. 20,000",0
2668870,0,"0 .. 20,000",0
1904280,0,"0 .. 20,000",0
1734160,0,"0 .. 20,000",0
2901070,0,"0 .. 20,000",0
1720510,0,"0 .. 20,000",0
2146100,0,"0 .. 20,000",0
2626760,0,"0 .. 20,000",0
2195190,0,"0 .. 20,000",0
3103470,0,"0 .. 20,000",0
3122990,0,"0 .. 20,000",10
3592170,0,"0 .. 20,000",0
3097170,0,"0 .. 20,000",0
843020,0,"0 .. 20,000",0
2628930,0,"0 .. 20,000",0
607360,0,"0 .. 20,000",0
329890,0,"0 .. 20,000",0
913590,0,"0 .. 20,000",0
1268100,0,"0 .. 20,000",0
1101480,0,"0 .. 20,000",0
668600,0,"0 .. 20,000",0
1195570,0,"0 .. 20,000",0
1576970,0,"0 .. 20,000",0
837640,0,"0 .. 20,000",11
1694810,0,"0 .. 20,000",0
387130,0,"0 .. 20,000",0
881520,0,"0 .. 20,000",0
2081770,0,"0 .. 20,000",0
833380,0,"0 .. 20,000",0
1431150,0,"0 .. 20,000",0
1132160,0,"0 .. 20,000",0
282960,0,"0 .. 20,000",0
1512350,0,"0 .. 20,000",0
1456640,0,"0 .. 20,000",0
1222220,0,"0 .. 20,000",0
1275240,0,"0 .. 20,000",0
1808890,0,"0 .. 20,000",0
1209980,0,"0 .. 20,000",0
779610,0,"0 .. 20,000",0
1466170,0,"0 .. 20,000",0
1851630,0,"0 .. 20,000",0
1968300,0,"0 .. 20,000",0
1907290,0,"0 .. 20,000",0
3293380,0,"0 .. 20,000",0
1987710,0,"0 .. 20,000",0
2843520,0,"0 .. 20,000",0
2778570,0,"0 .. 20,000",0
1043250,0,"0 .. 20,000",0
983820,0,"0 .. 20,000",325
2266200,0,"0 .. 20,000",0
1123460,0,"0 .. 20,000",0
2348700,0,"0 .. 20,000",0
501470,0,"0 .. 20,000",70
2175700,0,"0 .. 20,000",0
1731410,0,"0 .. 20,000",0
863230,0,"0 .. 20,000",0
2009340,0,"0 .. 20,000",0
817370,0,"0 .. 20,000",0
2209790,0,"0 .. 20,000",0
2074750,0,"0 .. 20,000",0
2985840,0,"0 .. 20,000",0
627890,0,"0 .. 20,000",0
1408060,0,"0 .. 20,000",70
753610,0,"0 .. 20,000",44
2525880,0,"0 .. 20,000",0
1137490,0,"0 .. 20,000",40
1109160,0,"0 .. 20,000",45
1067220,0,"0 .. 20,000",0
1223020,0,"0 .. 20,000",0
1015610,0,"0 .. 20,000",20
551370,0,"0 .. 20,000",19
2512870,0,"0 .. 20,000",0
2393370,0,"0 .. 20,000",0
2891940,0,"0 .. 20,000",73
3023490,0,"0 .. 20,000",96
1399600,0,"0 .. 20,000",0
1809170,0,"0 .. 20,000",0
2113110,0,"0 .. 20,000",0
1126220,0,"0 .. 20,000",0
2339490,0,"0 .. 20,000",0
2020180,0,"0 .. 20,000",0
683690,0,"0 .. 20,000",44
1517810,0,"0 .. 20,000",0
1414770,0,"0 .. 20,000",0
1612520,0,"0 .. 20,000",0
1649920,0,"0 .. 20,000",0
2525810,0,"0 .. 20,000",333
2105980,0,"0 .. 20,000",19
3504820,0,"0 .. 20,000",0
3698700,0,"0 .. 20,000",0
2191050,0,"0 .. 20,000",144
2366050,0,"0 .. 20,000",0
1085880,0,"0 .. 20,000",0
1731930,0,"0 .. 20,000",0
1350430,0,"0 .. 20,000",0
1079320,0,"0 .. 20,000",0
3118040,0,"0 .. 20,000",0
1745680,0,"0 .. 20,000",0
2770460,0,"0 .. 20,000",444
1442080,0,"0 .. 20,000",0
1122870,0,"0 .. 20,000",0
2490900,0,"0 .. 20,000",0
1359080,0,"0 .. 20,000",0
1519230,0,"0 .. 20,000",0
1878310,0,"0 .. 20,000",0
753060,0,"0 .. 20,000",0
501740,0,"0 .. 20,000",18
1456410,0,"0 .. 20,000",0
2674230,0,"0 .. 20,000",0
261350,0,"0 .. 20,000",42
2358200,0,"0 .. 20,000",0
1527250,0,"0 .. 20,000",0
1110830,0,"0 .. 20,000",0
1003370,0,"0 .. 20,000",0
1027550,0,"0 .. 20,000",0
2231270,0,"0 .. 20,000",0
1622010,0,"0 .. 20,000",0
1375970,0,"0 .. 20,000",0
1730020,0,"0 .. 20,000",0
1335630,0,"0 .. 20,000",0
415080,0,"0 .. 20,000",274
824170,0,"0 .. 20,000",0
1395890,0,"0 .. 20,000",0
2095430,0,"0 .. 20,000",0
1645070,0,"0 .. 20,000",0
3316010,0,"0 .. 20,000",0
1440150,0,"0 .. 20,000",0
1622610,0,"0 .. 20,000",0
2886110,0,"0 .. 20,000",0
1995450,0,"0 .. 20,000",0
1810700,0,"0 .. 20,000",0
1989130,0,"0 .. 20,000",0
2341110,0,"0 .. 20,000",0
2589120,0,"0 .. 20,000",0
1923630,0,"0 .. 20,000",0
2364770,0,"0 .. 20,000",0
3091340,0,"0 .. 20,000",328
1956560,0,"0 .. 20,000",0
1492440,0,"0 .. 20,000",0
1732240,0,"0 .. 20,000",0
1259150,0,"0 .. 20,000",0
1746150,0,"0 .. 20,000",0
509530,0,"0 .. 20,000",0
798680,0,"0 .. 20,000",0
1221620,0,"0 .. 20,000",0
251590,0,"0 .. 20,000",0
756410,0,"0 .. 20,000",0
1051570,0,"0 .. 20,000",0
1564020,0,"0 .. 20,000",0
1331470,0,"0 .. 20,000",0
2211410,0,"0 .. 20,000",0
2310990,0,"0 .. 20,000",0
885100,0,"0 .. 20,000",0
2468030,0,"0 .. 20,000",0
2099060,0,"0 .. 20,000",0
840510,0,"0 .. 20,000",0
2411670,0,"0 .. 20,000",0
1071070,0,"0 .. 20,000",0
1339920,0,"0 .. 20,000",0
809480,0,"0 .. 20,000",0
1886170,0,"0 .. 20,000",0
1313150,0,"0 .. 20,000",0
1564800,0,"0 .. 20,000",0
1726690,0,"0 .. 20,000",0
1725560,0,"0 .. 20,000",0
1507880,0,"0 .. 20,000",0
1440380,0,"0 .. 20,000",0
1158460,0,"0 .. 20,000",0
1123520,0,"0 .. 20,000",0
800680,0,"0 .. 20,000",0
558650,0,"0 .. 20,000",0
1898100,0,"0 .. 20,000",0
373470,0,"0 .. 20,000",20
739270,0,"0 .. 20,000",0
2994930,0,"0 .. 20,000",0
2368350,0,"0 .. 20,000",0
1959660,0,"0 .. 20,000",0
395150,0,"0 .. 20,000",137
378590,0,"0 .. 20,000",5
1071660,0,"0 .. 20,000",0
2900890,0,"0 .. 20,000",0
1983150,0,"0 .. 20,000",0
2400550,0,"0 .. 20,000",0
2644970,0,"0 .. 20,000",0
2562100,0,"0 .. 20,000",0
2267800,0,"0 .. 20,000",0
1400980,0,"0 .. 20,000",0
1999850,0,"0 .. 20,000",0
1988600,0,"0 .. 20,000",0
2078970,0,"0 .. 20,000",0
1425190,0,"0 .. 20,000",0
1093800,0,"0 .. 20,000",0
1873750,0,"0 .. 20,000",0
592780,0,"0 .. 20,000",0
2112420,0,"0 .. 20,000",0
2156440,0,"0 .. 20,000",0
1208550,0,"0 .. 20,000",0
613620,0,"0 .. 20,000",0
847950,0,"0 .. 20,000",0
2345220,0,"0 .. 20,000",0
1127930,0,"0 .. 20,000",0
1302230,0,"0 .. 20,000",67
642730,0,"0 .. 20,000",0
1977910,0,"0 .. 20,000",0
690350,0,"0 .. 20,000",46
1825160,0,"0 .. 20,000",0
623380,0,"0 .. 20,000",0
2551780,0,"0 .. 20,000",94
2497570,0,"0 .. 20,000",0
1067320,0,"0 .. 20,000",0
1457030,0,"0 .. 20,000",0
700240,0,"0 .. 20,000",0
2333030,0,"0 .. 20,000",0
1171240,0,"0 .. 20,000",80
1956960,0,"0 .. 20,000",445
1073490,0,"0 .. 20,000",181
1772050,0,"0 .. 20,000",0
677180,0,"0 .. 20,000",155
1558100,0,"0 .. 20,000",0
2250550,0,"0 .. 20,000",407
1647310,0,"0 .. 20,000",198
1176050,0,"0 .. 20,000",0
923100,0,"0 .. 20,000",0
2564320,0,"0 .. 20,000",4
2078910,0,"0 .. 20,000",25
2013170,0,"0 .. 20,000",0
1002480,0,"0 .. 20,000",0
790080,0,"0 .. 20,000",0
1057220,0,"0 .. 20,000",0
2999090,0,"0 .. 20,000",115
1376580,0,"0 .. 20,000",0
473910,0,"0 .. 20,000",85
1047960,0,"0 .. 20,000",0
814330,0,"0 .. 20,000",0
2089250,0,"0 .. 20,000",0
1461910,0,"0 .. 20,000",356
2317640,0,"0 .. 20,000",337
787780,0,"0 .. 20,000",0
1180650,0,"0 .. 20,000",0
488350,0,"0 .. 20,000",0
1936130,0,"0 .. 20,000",0
1780850,0,"0 .. 20,000",0
1037570,0,"0 .. 20,000",38
3436860,0,"0 .. 20,000",0
2880130,0,"0 .. 20,000",0
3312030,0,"0 .. 20,000",0
1684110,0,"0 .. 20,000",0
1903130,0,"0 .. 20,000",0
953290,0,"0 .. 20,000",0
792480,0,"0 .. 20,000",0
727460,0,"0 .. 20,000",0
605760,0,"0 .. 20,000",30
2171270,0,"0 .. 20,000",0
958750,0,"0 .. 20,000",0
1838980,0,"0 .. 20,000",0
566180,0,"0 .. 20,000",0
1648460,0,"0 .. 20,000",0
305510,0,"0 .. 20,000",51
1265080,0,"0 .. 20,000",0
1248570,0,"0 .. 20,000",0
801660,0,"0 .. 20,000",0
2189620,0,"0 .. 20,000",0
1296480,0,"0 .. 20,000",0
2283910,0,"0 .. 20,000",0
2224750,0,"0 .. 20,000",0
2791950,0,"0 .. 20,000",0
1665590,0,"0 .. 20,000",0
1803870,0,"0 .. 20,000",0
1181300,0,"0 .. 20,000",0
1633010,0,"0 .. 20,000",0
2093290,0,"0 .. 20,000",0
2447080,0,"0 .. 20,000",0
3264720,0,"0 .. 20,000",0
2179900,0,"0 .. 20,000",0
2067730,0,"0 .. 20,000",0
1312240,0,"0 .. 20,000",0
1484610,0,"0 .. 20,000",0
3054140,0,"0 .. 20,000",0
2331810,0,"0 .. 20,000",0
1372390,0,"0 .. 20,000",0
2193870,0,"0 .. 20,000",0
1338410,0,"0 .. 20,000",0
1909090,0,"0 .. 20,000",0
1785450,0,"0 .. 20,000",0
2087860,0,"0 .. 20,000",0
1522170,0,"0 .. 20,000",0
1757700,0,"0 .. 20,000",0
2743310,0,"0 .. 20,000",0
517020,0,"0 .. 20,000",0
944500,0,"0 .. 20,000",0
766250,0,"0 .. 20,000",0
1504140,0,"0 .. 20,000",0
1481310,0,"0 .. 20,000",0
1850150,0,"0 .. 20,000",0
1536750,0,"0 .. 20,000",0
1593660,0,"0 .. 20,000",0
2378720,0,"0 .. 20,000",0
1531650,0,"0 .. 20,000",0
2906920,0,"0 .. 20,000",0
2087180,0,"0 .. 20,000",0
2914440,0,"0 .. 20,000",0
1782810,0,"0 .. 20,000",0
2137090,0,"0 .. 20,000",0
1363040,0,"0 .. 20,000",0
2289610,0,"0 .. 20,000",0
2202400,0,"0 .. 20,000",0
1957620,0,"0 .. 20,000",0
1692400,0,"0 .. 20,000",0
3328940,0,"0 .. 20,000",0
2331890,0,"0 .. 20,000",0
1646470,0,"0 .. 20,000",0
2530970,0,"0 .. 20,000",0
695810,0,"0 .. 20,000",0
685800,0,"0 .. 20,000",0
1021220,0,"0 .. 20,000",0
308520,0,"0 .. 20,000",263
525350,0,"0 .. 20,000",0
561390,0,"0 .. 20,000",0
355420,0,"0 .. 20,000",0
1101670,0,"0 .. 20,000",0
792500,0,"0 .. 20,000",0
1563840,0,"0 .. 20,000",0
1119770,0,"0 .. 20,000",0
556770,0,"0 .. 20,000",234
1948890,0,"0 .. 20,000",0
670620,0,"0 .. 20,000",0
1036120,0,"0 .. 20,000",0
1309490,0,"0 .. 20,000",0
866960,0,"0 .. 20,000",0
1608780,0,"0 .. 20,000",0
693830,0,"0 .. 20,000",120
530110,0,"0 .. 20,000",0
1850490,0,"0 .. 20,000",0
1847380,0,"0 .. 20,000",0
1396500,0,"0 .. 20,000",0
1882350,0,"0 .. 20,000",0
1580330,0,"0 .. 20,000",0
1339030,0,"0 .. 20,000",0
2482950,0,"0 .. 20,000",0
1030350,0,"0 .. 20,000",0
1878670,0,"0 .. 20,000",0
448300,0,"0 .. 20,000",0
1089640,0,"0 .. 20,000",0
936890,0,"0 .. 20,000",0
2071060,0,"0 .. 20,000",0
706010,0,"0 .. 20,000",0
994700,0,"0 .. 20,000",0
2115730,0,"0 .. 20,000",0
1742690,0,"0 .. 20,000",0
1199930,0,"0 .. 20,000",0
2132970,0,"0 .. 20,000",0
1181970,0,"0 .. 20,000",0
2135810,0,"0 .. 20,000",0
1896810,0,"0 .. 20,000",0
897970,0,"0 .. 20,000",0
1076290,0,"0 .. 20,000",0
1921660,0,"0 .. 20,000",0
1362700,0,"0 .. 20,000",0
1980440,0,"0 .. 20,000",0
2423050,0,"0 .. 20,000",0
2468900,0,"0 .. 20,000",0
2208950,0,"0 .. 20,000",0
3138020,0,"0 .. 20,000",0
2518000,0,"0 .. 20,000",0
1592390,0,"0 .. 20,000",0
1885980,0,"0 .. 20,000",0
856300,0,"0 .. 20,000",0
1470270,0,"0 .. 20,000",0
572630,0,"0 .. 20,000",0
1197730,0,"0 .. 20,000",0
880200,0,"0 .. 20,000",0
1172920,0,"0 .. 20,000",0
1600950,0,"0 .. 20,000",125
1419980,0,"0 .. 20,000",0
1299930,0,"0 .. 20,000",0
1197160,0,"0 .. 20,000",0
2346780,0,"0 .. 20,000",0
1682550,0,"0 .. 20,000",0
1221300,0,"0 .. 20,000",0
2326050,0,"0 .. 20,000",0
397730,0,"0 .. 20,000",0
485430,0,"0 .. 20,000",278
1006850,0,"0 .. 20,000",0
1038240,0,"0 .. 20,000",806
2369520,0,"0 .. 20,000",0
1496640,0,"0 .. 20,000",0
1236900,0,"0 .. 20,000",0
1702760,0,"0 .. 20,000",0
1803060,0,"0 .. 20,000",104
2218140,0,"0 .. 20,000",0
1638440,0,"0 .. 20,000",0
736720,0,"0 .. 20,000",396
865250,0,"0 .. 20,000",0
1520900,0,"0 .. 20,000",277
1732420,0,"0 .. 20,000",85
1924910,0,"0 .. 20,000",0
2425290,0,"0 .. 20,000",0
739720,0,"0 .. 20,000",0
1876460,0,"0 .. 20,000",304
972170,0,"0 .. 20,000",28
2841510,0,"0 .. 20,000",0
3557370,0,"0 .. 20,000",0
3151380,0,"0 .. 20,000",99
3140990,0,"0 .. 20,000",283
2405660,0,"0 .. 20,000",0
1356360,0,"0 .. 20,000",0
2791290,0,"0 .. 20,000",0
568690,0,"0 .. 20,000",9
712090,0,"0 .. 20,000",122
627070,0,"0 .. 20,000",120
1271910,0,"0 .. 20,000",0
1475200,0,"0 .. 20,000",0
2475790,0,"0 .. 20,000",0
1447350,0,"0 .. 20,000",51
2455040,0,"0 .. 20,000",0
3467390,0,"0 .. 20,000",0
3333060,0,"0 .. 20,000",0
3359390,0,"0 .. 20,000",0
1796720,0,"0 .. 20,000",120
1828650,0,"0 .. 20,000",22
3487340,0,"0 .. 20,000",0
1462200,0,"0 .. 20,000",0
2666290,0,"0 .. 20,000",0
1401870,0,"0 .. 20,000",0
1204380,0,"0 .. 20,000",0
2410820,0,"0 .. 20,000",0
1645770,0,"0 .. 20,000",0
1462700,0,"0 .. 20,000",0
1825970,0,"0 .. 20,000",267
500420,0,"0 .. 20,000",191
545180,0,"0 .. 20,000",8
384090,0,"0 .. 20,000",583
1162480,0,"0 .. 20,000",476
1457150,0,"0 .. 20,000",0
3622570,0,"0 .. 20,000",0
3431480,0,"0 .. 20,000",0
3588930,0,"0 .. 20,000",0
1706360,0,"0 .. 20,000",1
1208410,0,"0 .. 20,000",0
1269960,0,"0 .. 20,000",0
931450,0,"0 .. 20,000",0
1016710,0,"0 .. 20,000",0
1271500,0,"0 .. 20,000",0
342870,0,"0 .. 20,000",0
1203490,0,"0 .. 20,000",0
680940,0,"0 .. 20,000",0
954970,0,"0 .. 20,000",0
794640,0,"0 .. 20,000",0
852920,0,"0 .. 20,000",0
2999940,0,"0 .. 20,000",0
1565230,0,"0 .. 20,000",0
614970,0,"0 .. 20,000",0
1355070,0,"0 .. 20,000",0
2753430,0,"0 .. 20,000",0
2433910,0,"0 .. 20,000",0
2718560,0,"0 .. 20,000",0
1838600,0,"0 .. 20,000",0
1962570,0,"0 .. 20,000",0
2086280,0,"0 .. 20,000",0
734700,0,"0 .. 20,000",1
1459890,0,"0 .. 20,000",0
1139670,0,"0 .. 20,000",0
1116100,0,"0 .. 20,000",0
1531780,0,"0 .. 20,000",0
736480,0,"0 .. 20,000",0
2841050,0,"0 .. 20,000",0
1147240,0,"0 .. 20,000",0
1667590,0,"0 .. 20,000",0
1447730,0,"0 .. 20,000",0
2252380,0,"0 .. 20,000",0
1679490,0,"0 .. 20,000",0
2826570,0,"0 .. 20,000",0
3217470,0,"0 .. 20,000",0
1504100,0,"0 .. 20,000",0
666590,0,"0 .. 20,000",0
611800,0,"0 .. 20,000",239
1151620,0,"0 .. 20,000",0
1668960,0,"0 .. 20,000",0
730780,0,"0 .. 20,000",0
1919800,0,"0 .. 20,000",0
1440350,0,"0 .. 20,000",0
1721720,0,"0 .. 20,000",0
3373750,0,"0 .. 20,000",0
1674270,0,"0 .. 20,000",0
1894470,0,"0 .. 20,000",0
2228040,0,"0 .. 20,000",0
3513790,0,"0 .. 20,000",0
1258800,0,"0 .. 20,000",0
3390070,0,"0 .. 20,000",0
2904930,0,"0 .. 20,000",0
1578020,0,"0 .. 20,000",0
2273110,0,"0 .. 20,000",0
3152700,0,"0 .. 20,000",0
2162260,0,"0 .. 20,000",0
2834580,0,"0 .. 20,000",0
844090,0,"0 .. 20,000",0
3195260,0,"0 .. 20,000",0
1354580,0,"0 .. 20,000",0
1990100,0,"0 .. 20,000",0
376150,0,"0 .. 20,000",0
726880,0,"0 .. 20,000",0
885110,0,"0 .. 20,000",0
832520,0,"0 .. 20,000",0
452650,0,"0 .. 20,000",0
1108240,0,"0 .. 20,000",0
679070,0,"0 .. 20,000",0
546610,0,"0 .. 20,000",155
718810,0,"0 .. 20,000",0
1148810,0,"0 .. 20,000",0
1299790,0,"0 .. 20,000",0
763650,0,"0 .. 20,000",20
617030,0,"0 .. 20,000",8
1153460,0,"0 .. 20,000",0
2121910,0,"0 .. 20,000",0
1862420,0,"0 .. 20,000",0
1351950,0,"0 .. 20,000",0
1338570,0,"0 .. 20,000",0
1213450,0,"0 .. 20,000",0
1448190,0,"0 .. 20,000",0
1912130,0,"0 .. 20,000",0
2232650,0,"0 .. 20,000",0
1453730,0,"0 .. 20,000",0
1153470,0,"0 .. 20,000",0
1780100,0,"0 .. 20,000",0
2171060,0,"0 .. 20,000",0
1269230,0,"0 .. 20,000",0
1337660,0,"0 .. 20,000",0
2097900,0,"0 .. 20,000",0
2292740,0,"0 .. 20,000",0
1922730,0,"0 .. 20,000",0
1282060,0,"0 .. 20,000",0
1949130,0,"0 .. 20,000",0
1330760,0,"0 .. 20,000",0
773870,0,"0 .. 20,000",0
398250,0,"0 .. 20,000",0
637040,0,"0 .. 20,000",11
1258420,0,"0 .. 20,000",0
1682070,0,"0 .. 20,000",0
1010460,0,"0 .. 20,000",0
1179840,0,"0 .. 20,000",0
1199620,0,"0 .. 20,000",0
1432000,0,"0 .. 20,000",0
1023180,0,"0 .. 20,000",0
908660,0,"0 .. 20,000",0
468540,0,"0 .. 20,000",0
642680,0,"0 .. 20,000",0
699370,0,"0 .. 20,000",0
438770,0,"0 .. 20,000",0
855970,0,"0 .. 20,000",0
2133730,0,"0 .. 20,000",0
1458340,0,"0 .. 20,000",0
1283980,0,"0 .. 20,000",0
1240680,0,"0 .. 20,000",0
1514250,0,"0 .. 20,000",0
479180,0,"0 .. 20,000",0
775920,0,"0 .. 20,000",1
965130,0,"0 .. 20,000",0
1836920,0,"0 .. 20,000",0
945950,0,"0 .. 20,000",0
2589710,0,"0 .. 20,000",0
978610,0,"0 .. 20,000",0
2745370,0,"0 .. 20,000",0
518190,0,"0 .. 20,000",0
3177320,0,"0 .. 20,000",0
875260,0,"0 .. 20,000",0
1403570,0,"0 .. 20,000",0
1411420,0,"0 .. 20,000",0
938350,0,"0 .. 20,000",0
1073360,0,"0 .. 20,000",0
499230,0,"0 .. 20,000",0
2512510,0,"0 .. 20,000",0
1942510,0,"0 .. 20,000",0
985920,0,"0 .. 20,000",0
1453080,0,"0 .. 20,000",0
1645180,0,"0 .. 20,000",0
868810,0,"0 .. 20,000",0
1729780,0,"0 .. 20,000",0
652560,0,"0 .. 20,000",0
584280,0,"0 .. 20,000",0
767300,0,"0 .. 20,000",0
876340,0,"0 .. 20,000",0
1306060,0,"0 .. 20,000",0
2478420,0,"0 .. 20,000",0
2080950,0,"0 .. 20,000",0
2309730,0,"0 .. 20,000",0
1156670,0,"0 .. 20,000",0
1957100,0,"0 .. 20,000",0
2280020,0,"0 .. 20,000",0
1067580,0,"0 .. 20,000",0
1848350,0,"0 .. 20,000",0
2618710,0,"0 .. 20,000",0
586360,0,"0 .. 20,000",22
1569420,0,"0 .. 20,000",0
504010,0,"0 .. 20,000",0
1677900,0,"0 .. 20,000",15
2241860,0,"0 .. 20,000",0
2159650,0,"0 .. 20,000",0
1393210,0,"0 .. 20,000",0
1130560,0,"0 .. 20,000",32
2961060,0,"0 .. 20,000",0
2298620,0,"0 .. 20,000",110
2315700,0,"0 .. 20,000",0
1853630,0,"0 .. 20,000",0
1980980,0,"0 .. 20,000",0
1101030,0,"0 .. 20,000",0
1465950,0,"0 .. 20,000",44
1969100,0,"0 .. 20,000",324
1514690,0,"0 .. 20,000",0
2930320,0,"0 .. 20,000",0
721700,0,"0 .. 20,000",430
1124160,0,"0 .. 20,000",23
1865010,0,"0 .. 20,000",192
3043740,0,"0 .. 20,000",30
2115850,0,"0 .. 20,000",58
1702390,0,"0 .. 20,000",0
1279580,0,"0 .. 20,000",91
1519490,0,"0 .. 20,000",656
3253990,0,"0 .. 20,000",0
3195920,0,"0 .. 20,000",0
3296760,0,"0 .. 20,000",131
1410110,0,"0 .. 20,000",0
1727910,0,"0 .. 20,000",0
1975730,0,"0 .. 20,000",0
1481150,0,"0 .. 20,000",0
412250,0,"0 .. 20,000",241
1678090,0,"0 .. 20,000",0
2345040,0,"0 .. 20,000",0
1088160,0,"0 .. 20,000",0
1546770,0,"0 .. 20,000",0
542210,0,"0 .. 20,000",0
2518430,0,"0 .. 20,000",0
1555590,0,"0 .. 20,000",0
1492750,0,"0 .. 20,000",0
2135320,0,"0 .. 20,000",0
3326650,0,"0 .. 20,000",0
2333710,0,"0 .. 20,000",0
3059390,0,"0 .. 20,000",0
2743850,0,"0 .. 20,000",41
2886930,0,"0 .. 20,000",0
1217250,0,"0 .. 20,000",0
1269320,0,"0 .. 20,000",0
912070,0,"0 .. 20,000",0
496660,0,"0 .. 20,000",113
336220,0,"0 .. 20,000",0
2230770,0,"0 .. 20,000",0
477180,0,"0 .. 20,000",269
726800,0,"0 .. 20,000",162
619430,0,"0 .. 20,000",60
580640,0,"0 .. 20,000",242
426930,0,"0 .. 20,000",0
1377430,0,"0 .. 20,000",0
3357570,0,"0 .. 20,000",0
3217980,0,"0 .. 20,000",0
3025880,0,"0 .. 20,000",0
2625970,0,"0 .. 20,000",0
2275440,0,"0 .. 20,000",0
1708070,0,"0 .. 20,000",0
2334450,0,"0 .. 20,000",0
2957110,0,"0 .. 20,000",14745
2207230,0,"0 .. 20,000",103
2607230,0,"0 .. 20,000",0
1044180,0,"0 .. 20,000",0
1862180,0,"0 .. 20,000",0
1841760,0,"0 .. 20,000",0
391520,0,"0 .. 20,000",71
1037990,0,"0 .. 20,000",0
1360900,0,"0 .. 20,000",0
1529860,0,"0 .. 20,000",0
1066490,0,"0 .. 20,000",0
1041270,0,"0 .. 20,000",0
1106970,0,"0 .. 20,000",0
1251400,0,"0 .. 20,000",0
748110,0,"0 .. 20,000",0
3279150,0,"0 .. 20,000",0
3413190,0,"0 .. 20,000",0
924460,0,"0 .. 20,000",0
3023120,0,"0 .. 20,000",0
738310,0,"0 .. 20,000",0
571680,0,"0 .. 20,000",0
2723380,0,"0 .. 20,000",0
1510150,0,"0 .. 20,000",0
1280210,0,"0 .. 20,000",0
1753110,0,"0 .. 20,000",0
1019740,0,"0 .. 20,000",0
1477730,0,"0 .. 20,000",0
2136200,0,"0 .. 20,000",0
2491310,0,"0 .. 20,000",0
2085320,0,"0 .. 20,000",0
2709750,0,"0 .. 20,000",0
2105760,0,"0 .. 20,000",0
1925530,0,"0 .. 20,000",0
530080,0,"0 .. 20,000",0
1933580,0,"0 .. 20,000",0
1501970,0,"0 .. 20,000",0
1300590,0,"0 .. 20,000",0
1597750,0,"0 .. 20,000",0
1218230,0,"0 .. 20,000",0
815300,0,"0 .. 20,000",0
914250,0,"0 .. 20,000",0
1938110,0,"0 .. 20,000",0
1606800,0,"0 .. 20,000",0
2021220,0,"0 .. 20,000",0
2307610,0,"0 .. 20,000",0
1881440,0,"0 .. 20,000",0
1189350,0,"0 .. 20,000",0
1333420,0,"0 .. 20,000",0
777850,0,"0 .. 20,000",0
1756840,0,"0 .. 20,000",0
2283850,0,"0 .. 20,000",0
1707470,0,"0 .. 20,000",0
1964280,0,"0 .. 20,000",0
814880,0,"0 .. 20,000",0
2367710,0,"0 .. 20,000",0
2956380,0,"0 .. 20,000",0
1833060,0,"0 .. 20,000",0
1818580,0,"0 .. 20,000",0
2371880,0,"0 .. 20,000",0
2757450,0,"0 .. 20,000",0
2004340,0,"0 .. 20,000",0
1838490,0,"0 .. 20,000",0
2817950,0,"0 .. 20,000",0
3228600,0,"0 .. 20,000",0
3208780,0,"0 .. 20,000",0
2165420,0,"0 .. 20,000",0
2227960,0,"0 .. 20,000",0
3004980,0,"0 .. 20,000",0
2297960,0,"0 .. 20,000",0
2761570,0,"0 .. 20,000",0
2276080,0,"0 .. 20,000",0
3184710,0,"0 .. 20,000",0
2981880,0,"0 .. 20,000",0
2586430,0,"0 .. 20,000",0
3150310,0,"0 .. 20,000",0
1845750,0,"0 .. 20,000",0
3371930,0,"0 .. 20,000",0
2327140,0,"0 .. 20,000",0
3239660,0,"0 .. 20,000",0
2917190,0,"0 .. 20,000",0
3692370,0,"0 .. 20,000",0
588200,0,"0 .. 20,000",0
1198240,0,"0 .. 20,000",0
1388420,0,"0 .. 20,000",0
1225790,0,"0 .. 20,000",0
1881390,0,"0 .. 20,000",0
1553880,0,"0 .. 20,000",0
2052640,0,"0 .. 20,000",0
2832510,0,"0 .. 20,000",0
398120,0,"0 .. 20,000",0
787550,0,"0 .. 20,000",0
798940,0,"0 .. 20,000",0
333340,0,"0 .. 20,000",0
555010,0,"0 .. 20,000",0
451360,0,"0 .. 20,000",28
503370,0,"0 .. 20,000",245
1112050,0,"0 .. 20,000",0
305460,0,"0 .. 20,000",0
340570,0,"0 .. 20,000",126
1450880,0,"0 .. 20,000",0
1178280,0,"0 .. 20,000",0
341490,0,"0 .. 20,000",1
328510,0,"0 .. 20,000",103
1857140,0,"0 .. 20,000",0
1765690,0,"0 .. 20,000",250
1937160,0,"0 .. 20,000",0
1255230,0,"0 .. 20,000",0
644000,0,"0 .. 20,000",0
1560200,0,"0 .. 20,000",0
1220600,0,"0 .. 20,000",0
623370,0,"0 .. 20,000",0
1636400,0,"0 .. 20,000",0
1867110,0,"0 .. 20,000",0
1194690,0,"0 .. 20,000",0
1186350,0,"0 .. 20,000",0
1465780,0,"0 .. 20,000",0
558720,0,"0 .. 20,000",0
366860,0,"0 .. 20,000",0
774051,0,"0 .. 20,000",0
2051220,0,"0 .. 20,000",0
1832620,0,"0 .. 20,000",0
2715790,0,"0 .. 20,000",0
762950,0,"0 .. 20,000",0
2094000,0,"0 .. 20,000",0
1243030,0,"0 .. 20,000",0
1492370,0,"0 .. 20,000",0
818070,0,"0 .. 20,000",0
878610,0,"0 .. 20,000",0
1055030,0,"0 .. 20,000",0
458200,0,"0 .. 20,000",0
849340,0,"0 .. 20,000",0
1171410,0,"0 .. 20,000",0
1195610,0,"0 .. 20,000",0
1203280,0,"0 .. 20,000",0
877340,0,"0 .. 20,000",0
1853690,0,"0 .. 20,000",0
934510,0,"0 .. 20,000",0
808020,0,"0 .. 20,000",0
1071760,0,"0 .. 20,000",0
1186770,0,"0 .. 20,000",0
349670,0,"0 .. 20,000",0
1208540,0,"0 .. 20,000",0
577640,0,"0 .. 20,000",0
2498180,0,"0 .. 20,000",0
1789210,0,"0 .. 20,000",0
1889050,0,"0 .. 20,000",0
440770,0,"0 .. 20,000",0
808540,0,"0 .. 20,000",0
2002280,0,"0 .. 20,000",0
1219820,0,"0 .. 20,000",0
1981780,0,"0 .. 20,000",0
1715040,0,"0 .. 20,000",0
371380,0,"0 .. 20,000",0
1237050,0,"0 .. 20,000",0
856170,0,"0 .. 20,000",0
1958230,0,"0 .. 20,000",0
1876950,0,"0 .. 20,000",0
2123990,0,"0 .. 20,000",0
2347460,0,"0 .. 20,000",0
2204430,0,"0 .. 20,000",0
2656710,0,"0 .. 20,000",0
3087820,0,"0 .. 20,000",0
1049370,0,"0 .. 20,000",0
1805840,0,"0 .. 20,000",0
2325030,0,"0 .. 20,000",0
958670,0,"0 .. 20,000",0
2290500,0,"0 .. 20,000",0
2057830,0,"0 .. 20,000",0
2188650,0,"0 .. 20,000",0
2114830,0,"0 .. 20,000",0
1429210,0,"0 .. 20,000",0
2111200,0,"0 .. 20,000",0
1201310,0,"0 .. 20,000",0
1210930,0,"0 .. 20,000",0
560550,0,"0 .. 20,000",0
1506610,0,"0 .. 20,000",0
1182860,0,"0 .. 20,000",0
1874950,0,"0 .. 20,000",0
1881940,0,"0 .. 20,000",0
925370,0,"0 .. 20,000",0
1393100,0,"0 .. 20,000",0
1116860,0,"0 .. 20,000",0
2441630,0,"0 .. 20,000",0
845040,0,"0 .. 20,000",0
2062940,0,"0 .. 20,000",0
2474020,0,"0 .. 20,000",0
2736780,0,"0 .. 20,000",0
2364990,0,"0 .. 20,000",0
2140700,0,"0 .. 20,000",0
442220,0,"0 .. 20,000",7
2187300,0,"0 .. 20,000",0
1511140,0,"0 .. 20,000",0
557950,0,"0 .. 20,000",0
1570130,0,"0 .. 20,000",0
1178460,0,"0 .. 20,000",0
463800,0,"0 .. 20,000",386
2543650,0,"0 .. 20,000",0
1673090,0,"0 .. 20,000",0
830540,0,"0 .. 20,000",16
1916280,0,"0 .. 20,000",0
545050,0,"0 .. 20,000",440
1231520,0,"0 .. 20,000",0
1219480,0,"0 .. 20,000",0
517720,0,"0 .. 20,000",656
355400,0,"0 .. 20,000",21
2406180,0,"0 .. 20,000",169
1546090,0,"0 .. 20,000",105
1082970,0,"0 .. 20,000",0
1693250,0,"0 .. 20,000",343
1529530,0,"0 .. 20,000",0
2472010,0,"0 .. 20,000",0
3258290,0,"0 .. 20,000",1199
2317690,0,"0 .. 20,000",0
2099910,0,"0 .. 20,000",0
2259360,0,"0 .. 20,000",0
724090,0,"0 .. 20,000",0
1566720,0,"0 .. 20,000",0
1802270,0,"0 .. 20,000",0
2437950,0,"0 .. 20,000",0
2302670,0,"0 .. 20,000",0
1414400,0,"0 .. 20,000",0
2253160,0,"0 .. 20,000",0
2353680,0,"0 .. 20,000",0
952130,0,"0 .. 20,000",0
1333650,0,"0 .. 20,000",0
1394520,0,"0 .. 20,000",0
1044110,0,"0 .. 20,000",0
349470,0,"0 .. 20,000",0
774411,0,"0 .. 20,000",61
1162990,0,"0 .. 20,000",0
871210,0,"0 .. 20,000",78
1925620,0,"0 .. 20,000",0
461210,0,"0 .. 20,000",1375
504460,0,"0 .. 20,000",109
1793150,0,"0 .. 20,000",0
428610,0,"0 .. 20,000",799
2007770,0,"0 .. 20,000",0
534000,0,"0 .. 20,000",32
2075580,0,"0 .. 20,000",95
2443770,0,"0 .. 20,000",189
3288560,0,"0 .. 20,000",0
3627640,0,"0 .. 20,000",0
2361000,0,"0 .. 20,000",0
3097380,0,"0 .. 20,000",0
2684760,0,"0 .. 20,000",0
3358560,0,"0 .. 20,000",0
3161270,0,"0 .. 20,000",0
3253530,0,"0 .. 20,000",192
2680040,0,"0 .. 20,000",0
1500060,0,"0 .. 20,000",0
1967310,0,"0 .. 20,000",0
1875120,0,"0 .. 20,000",0
1069750,0,"0 .. 20,000",0
1171040,0,"0 .. 20,000",0
2082580,0,"0 .. 20,000",0
867090,0,"0 .. 20,000",0
911520,0,"0 .. 20,000",0
933700,0,"0 .. 20,000",0
1712750,0,"0 .. 20,000",0
352360,0,"0 .. 20,000",0
2118580,0,"0 .. 20,000",0
734590,0,"0 .. 20,000",0
755550,0,"0 .. 20,000",0
1371560,0,"0 .. 20,000",0
745950,0,"0 .. 20,000",90
3331000,0,"0 .. 20,000",163
2939830,0,"0 .. 20,000",1060
2886090,0,"0 .. 20,000",0
2261350,0,"0 .. 20,000",244
516250,0,"0 .. 20,000",0
1278270,0,"0 .. 20,000",0
1738540,0,"0 .. 20,000",0
1376270,0,"0 .. 20,000",0
2609390,0,"0 .. 20,000",0
636620,0,"0 .. 20,000",0
1222160,0,"0 .. 20,000",0
2093860,0,"0 .. 20,000",0
984070,0,"0 .. 20,000",0
1715970,0,"0 .. 20,000",0
1548130,0,"0 .. 20,000",0
1422150,0,"0 .. 20,000",0
1425770,0,"0 .. 20,000",0
375870,0,"0 .. 20,000",0
696410,0,"0 .. 20,000",21
3304930,0,"0 .. 20,000",0
2513110,0,"0 .. 20,000",0
1793680,0,"0 .. 20,000",0
2451880,0,"0 .. 20,000",0
905960,0,"0 .. 20,000",0
1463500,0,"0 .. 20,000",0
1616740,0,"0 .. 20,000",0
2057490,0,"0 .. 20,000",0
1510100,0,"0 .. 20,000",0
1222230,0,"0 .. 20,000",0
1403590,0,"0 .. 20,000",0
1073610,0,"0 .. 20,000",0
1005780,0,"0 .. 20,000",0
713740,0,"0 .. 20,000",0
1544240,0,"0 .. 20,000",0
3367260,0,"0 .. 20,000",0
2164480,0,"0 .. 20,000",0
1053870,0,"0 .. 20,000",0
2765670,0,"0 .. 20,000",0
1041130,0,"0 .. 20,000",0
2309740,0,"0 .. 20,000",0
1309760,0,"0 .. 20,000",0
1367340,0,"0 .. 20,000",0
1396350,0,"0 .. 20,000",0
1076410,0,"0 .. 20,000",0
1285390,0,"0 .. 20,000",0
1929480,0,"0 .. 20,000",0
1387010,0,"0 .. 20,000",0
1068190,0,"0 .. 20,000",0
2353640,0,"0 .. 20,000",0
2785350,0,"0 .. 20,000",0
1908770,0,"0 .. 20,000",0
1904810,0,"0 .. 20,000",0
384970,0,"0 .. 20,000",0
725430,0,"0 .. 20,000",0
1871410,0,"0 .. 20,000",0
967410,0,"0 .. 20,000",0
1889120,0,"0 .. 20,000",0
1679170,0,"0 .. 20,000",0
907190,0,"0 .. 20,000",0
2528650,0,"0 .. 20,000",0
508650,0,"0 .. 20,000",0
1924350,0,"0 .. 20,000",0
274960,0,"0 .. 20,000",0
2691560,0,"0 .. 20,000",0
2859190,0,"0 .. 20,000",0
1085390,0,"0 .. 20,000",0
1269940,0,"0 .. 20,000",0
1492230,0,"0 .. 20,000",0
2947140,0,"0 .. 20,000",0
2654160,0,"0 .. 20,000",0
1047640,0,"0 .. 20,000",57
1620380,0,"0 .. 20,000",0
1681490,0,"0 .. 20,000",0
2633460,0,"0 .. 20,000",0
2310240,0,"0 .. 20,000",0
1643700,0,"0 .. 20,000",0
1453130,0,"0 .. 20,000",0
2435010,0,"0 .. 20,000",0
1901050,0,"0 .. 20,000",0
1601700,0,"0 .. 20,000",0
2806480,0,"0 .. 20,000",0
2791860,0,"0 .. 20,000",0
2338740,0,"0 .. 20,000",0
3593020,0,"0 .. 20,000",0
2629190,0,"0 .. 20,000",0
2362010,0,"0 .. 20,000",0
2306050,0,"0 .. 20,000",0
2103660,0,"0 .. 20,000",0
2260450,0,"0 .. 20,000",0
2808750,0,"0 .. 20,000",0
3381370,0,"0 .. 20,000",0
1452250,0,"0 .. 20,000",246
2056200,0,"0 .. 20,000",0
3121430,0,"0 .. 20,000",0
3062490,0,"0 .. 20,000",0
1967680,0,"0 .. 20,000",0
1005080,0,"0 .. 20,000",0
1820700,0,"0 .. 20,000",0
2331150,0,"0 .. 20,000",0
1124130,0,"0 .. 20,000",0
2809680,0,"0 .. 20,000",0
1813500,0,"0 .. 20,000",0
2755510,0,"0 .. 20,000",0
1296490,0,"0 .. 20,000",0
2198220,0,"0 .. 20,000",0
3269360,0,"0 .. 20,000",0
2688180,0,"0 .. 20,000",0
665640,0,"0 .. 20,000",0
575060,0,"0 .. 20,000",0
366060,0,"0 .. 20,000",0
551610,0,"0 .. 20,000",0
290810,0,"0 .. 20,000",0
650740,0,"0 .. 20,000",0
881300,0,"0 .. 20,000",0
1313330,0,"0 .. 20,000",0
1052140,0,"0 .. 20,000",0
1045430,0,"0 .. 20,000",0
1361750,0,"0 .. 20,000",0
1087620,0,"0 .. 20,000",0
937530,0,"0 .. 20,000",0
1008950,0,"0 .. 20,000",0
1194910,0,"0 .. 20,000",0
522950,0,"0 .. 20,000",0
923970,0,"0 .. 20,000",0
2098820,0,"0 .. 20,000",0
1769360,0,"0 .. 20,000",0
1551050,0,"0 .. 20,000",0
1812970,0,"0 .. 20,000",0
1250100,0,"0 .. 20,000",0
1605600,0,"0 .. 20,000",0
2316110,0,"0 .. 20,000",0
706710,0,"0 .. 20,000",0
759030,0,"0 .. 20,000",0
1763260,0,"0 .. 20,000",0
2223900,0,"0 .. 20,000",0
1821510,0,"0 .. 20,000",0
2580370,0,"0 .. 20,000",0
454260,0,"0 .. 20,000",0
1308800,0,"0 .. 20,000",0
1387400,0,"0 .. 20,000",0
2314240,0,"0 .. 20,000",0
1706970,0,"0 .. 20,000",0
1020510,0,"0 .. 20,000",0
1794760,0,"0 .. 20,000",0
917760,0,"0 .. 20,000",0
1500320,0,"0 .. 20,000",0
2098170,0,"0 .. 20,000",0
1557360,0,"0 .. 20,000",0
1243290,0,"0 .. 20,000",0
1404970,0,"0 .. 20,000",0
1683140,0,"0 .. 20,000",0
782020,0,"0 .. 20,000",0
1193490,0,"0 .. 20,000",0
1623130,0,"0 .. 20,000",0
1063210,0,"0 .. 20,000",0
1198900,0,"0 .. 20,000",0
1103870,0,"0 .. 20,000",0
827560,0,"0 .. 20,000",0
573460,0,"0 .. 20,000",0
704430,0,"0 .. 20,000",0
1846060,0,"0 .. 20,000",0
1449060,0,"0 .. 20,000",0
1288960,0,"0 .. 20,000",0
999540,0,"0 .. 20,000",0
1156910,0,"0 .. 20,000",0
511420,0,"0 .. 20,000",0
480710,0,"0 .. 20,000",0
812390,0,"0 .. 20,000",0
710650,0,"0 .. 20,000",0
1347960,0,"0 .. 20,000",0
454560,0,"0 .. 20,000",0
2407230,0,"0 .. 20,000",0
1211950,0,"0 .. 20,000",0
1394790,0,"0 .. 20,000",0
955600,0,"0 .. 20,000",0
1643190,0,"0 .. 20,000",0
2153550,0,"0 .. 20,000",0
868730,0,"0 .. 20,000",0
2695400,0,"0 .. 20,000",0
1161220,0,"0 .. 20,000",0
1464630,0,"0 .. 20,000",0
2167190,0,"0 .. 20,000",0
776610,0,"0 .. 20,000",1
1408590,0,"0 .. 20,000",0
1748340,0,"0 .. 20,000",0
1835360,0,"0 .. 20,000",0
814140,0,"0 .. 20,000",0
710620,0,"0 .. 20,000",0
2645070,0,"0 .. 20,000",0
459880,0,"0 .. 20,000",0
1482680,0,"0 .. 20,000",0
858600,0,"0 .. 20,000",0
1504580,0,"0 .. 20,000",0
1128890,0,"0 .. 20,000",0
1168290,0,"0 .. 20,000",0
1674300,0,"0 .. 20,000",0
2915980,0,"0 .. 20,000",0
856650,0,"0 .. 20,000",0
1281600,0,"0 .. 20,000",0
1150650,0,"0 .. 20,000",0
1298620,0,"0 .. 20,000",0
1841080,0,"0 .. 20,000",0
2445870,0,"0 .. 20,000",0
1429400,0,"0 .. 20,000",0
2930080,0,"0 .. 20,000",0
1334470,0,"0 .. 20,000",0
1236770,0,"0 .. 20,000",0
3056770,0,"0 .. 20,000",0
2878890,0,"0 .. 20,000",0
2367600,0,"0 .. 20,000",0
2682370,0,"0 .. 20,000",0
874690,0,"0 .. 20,000",0
2765760,0,"0 .. 20,000",0
889320,0,"0 .. 20,000",0
906470,0,"0 .. 20,000",0
1527070,0,"0 .. 20,000",27
791400,0,"0 .. 20,000",0
1133050,0,"0 .. 20,000",240
2569610,0,"0 .. 20,000",0
2357310,0,"0 .. 20,000",50
3078290,0,"0 .. 20,000",2347
2283870,0,"0 .. 20,000",0
1698630,0,"0 .. 20,000",0
723130,0,"0 .. 20,000",0
1196450,0,"0 .. 20,000",0
1825250,0,"0 .. 20,000",0
1047950,0,"0 .. 20,000",0
1083800,0,"0 .. 20,000",0
831110,0,"0 .. 20,000",0
1622970,0,"0 .. 20,000",0
935490,0,"0 .. 20,000",111
616820,0,"0 .. 20,000",0
1892620,0,"0 .. 20,000",0
1738890,0,"0 .. 20,000",0
2291700,0,"0 .. 20,000",0
1571010,0,"0 .. 20,000",0
2526880,0,"0 .. 20,000",0
1420580,0,"0 .. 20,000",0
386340,0,"0 .. 20,000",11
2075630,0,"0 .. 20,000",0
801040,0,"0 .. 20,000",753
777150,0,"0 .. 20,000",682
2591010,0,"0 .. 20,000",202
2443090,0,"0 .. 20,000",153
1413250,0,"0 .. 20,000",0
416240,0,"0 .. 20,000",478
1234730,0,"0 .. 20,000",0
1276470,0,"0 .. 20,000",357
1280080,0,"0 .. 20,000",96
1430970,0,"0 .. 20,000",0
1013540,0,"0 .. 20,000",210
3297020,0,"0 .. 20,000",0
3193760,0,"0 .. 20,000",30
2809670,0,"0 .. 20,000",0
3106520,0,"0 .. 20,000",0
2975460,0,"0 .. 20,000",34
2294640,0,"0 .. 20,000",0
2835530,0,"0 .. 20,000",399
3098070,0,"0 .. 20,000",196
1283740,0,"0 .. 20,000",0
1850680,0,"0 .. 20,000",0
1331180,0,"0 .. 20,000",0
2723620,0,"0 .. 20,000",0
2316690,0,"0 .. 20,000",0
856640,0,"0 .. 20,000",0
1179400,0,"0 .. 20,000",0
2518770,0,"0 .. 20,000",0
832680,0,"0 .. 20,000",1
1277390,0,"0 .. 20,000",0
2841110,0,"0 .. 20,000",0
2815690,0,"0 .. 20,000",0
1419060,0,"0 .. 20,000",0
1599630,0,"0 .. 20,000",0
263040,0,"0 .. 20,000",90
658490,0,"0 .. 20,000",0
1654810,0,"0 .. 20,000",103
2827450,0,"0 .. 20,000",42
1982310,0,"0 .. 20,000",113
1339500,0,"0 .. 20,000",0
615910,0,"0 .. 20,000",553
1858750,0,"0 .. 20,000",157
1206290,0,"0 .. 20,000",0
2524480,0,"0 .. 20,000",37
3319000,0,"0 .. 20,000",0
3484690,0,"0 .. 20,000",0
3390230,0,"0 .. 20,000",0
3279640,0,"0 .. 20,000",0
2880010,0,"0 .. 20,000",0
3060630,0,"0 .. 20,000",298
2215410,0,"0 .. 20,000",0
1059860,0,"0 .. 20,000",0
1351880,0,"0 .. 20,000",0
1798130,0,"0 .. 20,000",0
1055950,0,"0 .. 20,000",0
2563740,0,"0 .. 20,000",0
826930,0,"0 .. 20,000",0
2004220,0,"0 .. 20,000",0
411600,0,"0 .. 20,000",112
1114230,0,"0 .. 20,000",0
1825880,0,"0 .. 20,000",0
716380,0,"0 .. 20,000",0
379420,0,"0 .. 20,000",185
1067860,0,"0 .. 20,000",212
2861260,0,"0 .. 20,000",0
3180270,0,"0 .. 20,000",0
1915250,0,"0 .. 20,000",0
2866960,0,"0 .. 20,000",0
2875780,0,"0 .. 20,000",0
1990530,0,"0 .. 20,000",0
3126980,0,"0 .. 20,000",0
3273420,0,"0 .. 20,000",571
1459630,0,"0 .. 20,000",0
3073350,0,"0 .. 20,000",0
1574990,0,"0 .. 20,000",0
325300,0,"0 .. 20,000",0
2204760,0,"0 .. 20,000",0
677210,0,"0 .. 20,000",213
398890,0,"0 .. 20,000",0
2438240,0,"0 .. 20,000",0
887730,0,"0 .. 20,000",0
1531010,0,"0 .. 20,000",0
649360,0,"0 .. 20,000",0
2696080,0,"0 .. 20,000",0
2264460,0,"0 .. 20,000",0
857240,0,"0 .. 20,000",7
1985240,0,"0 .. 20,000",0
1391580,0,"0 .. 20,000",0
1674020,0,"0 .. 20,000",0
618640,0,"0 .. 20,000",0
1479760,0,"0 .. 20,000",0
864150,0,"0 .. 20,000",0
833070,0,"0 .. 20,000",0
936560,0,"0 .. 20,000",0
397850,0,"0 .. 20,000",0
746500,0,"0 .. 20,000",0
818620,0,"0 .. 20,000",0
2845780,0,"0 .. 20,000",0
269530,0,"0 .. 20,000",105
2770410,0,"0 .. 20,000",0
2329520,0,"0 .. 20,000",0
2250290,0,"0 .. 20,000",0
2719970,0,"0 .. 20,000",0
795530,0,"0 .. 20,000",0
1868600,0,"0 .. 20,000",0
2602120,0,"0 .. 20,000",0
3214440,0,"0 .. 20,000",0
1814090,0,"0 .. 20,000",0
1429300,0,"0 .. 20,000",0
1996800,0,"0 .. 20,000",0
1278860,0,"0 .. 20,000",0
1239270,0,"0 .. 20,000",0
977780,0,"0 .. 20,000",0
1764870,0,"0 .. 20,000",0
918500,0,"0 .. 20,000",0
1153570,0,"0 .. 20,000",0
1551280,0,"0 .. 20,000",0
1041680,0,"0 .. 20,000",0
1206790,0,"0 .. 20,000",0
970610,0,"0 .. 20,000",0
1191800,0,"0 .. 20,000",0
1179220,0,"0 .. 20,000",0
691910,0,"0 .. 20,000",0
1988390,0,"0 .. 20,000",0
1777280,0,"0 .. 20,000",0
506700,0,"0 .. 20,000",0
1346300,0,"0 .. 20,000",0
1383510,0,"0 .. 20,000",0
1091240,0,"0 .. 20,000",0
906260,0,"0 .. 20,000",0
1277900,0,"0 .. 20,000",0
788000,0,"0 .. 20,000",0
1934350,0,"0 .. 20,000",0
2816590,0,"0 .. 20,000",0
3397340,0,"0 .. 20,000",0
1546900,0,"0 .. 20,000",0
2568990,0,"0 .. 20,000",0
1972250,0,"0 .. 20,000",0
2384840,0,"0 .. 20,000",0
659060,0,"0 .. 20,000",0
1752400,0,"0 .. 20,000",0
1133890,0,"0 .. 20,000",0
1686790,0,"0 .. 20,000",0
1888460,0,"0 .. 20,000",0
1625820,0,"0 .. 20,000",0
2023800,0,"0 .. 20,000",0
1927610,0,"0 .. 20,000",0
2372480,0,"0 .. 20,000",0
2487110,0,"0 .. 20,000",0
2057360,0,"0 .. 20,000",0
3120880,0,"0 .. 20,000",0
448150,0,"0 .. 20,000",583
455990,0,"0 .. 20,000",0
760860,0,"0 .. 20,000",0
996830,0,"0 .. 20,000",0
1111090,0,"0 .. 20,000",0
2464400,0,"0 .. 20,000",0
692060,0,"0 .. 20,000",26
2056780,0,"0 .. 20,000",0
983880,0,"0 .. 20,000",0
2658130,0,"0 .. 20,000",0
2011840,0,"0 .. 20,000",0
2725190,0,"0 .. 20,000",0
1437370,0,"0 .. 20,000",0
2778440,0,"0 .. 20,000",0
2382210,0,"0 .. 20,000",0
1679680,0,"0 .. 20,000",0
1768270,0,"0 .. 20,000",0
1487800,0,"0 .. 20,000",0
1555800,0,"0 .. 20,000",0
2776240,0,"0 .. 20,000",0
1686010,0,"0 .. 20,000",0
1769060,0,"0 .. 20,000",0
2537190,0,"0 .. 20,000",0
2158390,0,"0 .. 20,000",0
2401810,0,"0 .. 20,000",0
3324100,0,"0 .. 20,000",0
2332500,0,"0 .. 20,000",0
2109020,0,"0 .. 20,000",0
1981050,0,"0 .. 20,000",0
2492990,0,"0 .. 20,000",0
3561580,0,"0 .. 20,000",0
2357100,0,"0 .. 20,000",0
2101880,0,"0 .. 20,000",0
2792080,0,"0 .. 20,000",0
2008200,0,"0 .. 20,000",0
1424420,0,"0 .. 20,000",0
2072980,0,"0 .. 20,000",0
3522660,0,"0 .. 20,000",0
917020,0,"0 .. 20,000",0
1837190,0,"0 .. 20,000",0
2135710,0,"0 .. 20,000",0
2234930,0,"0 .. 20,000",0
3301160,0,"0 .. 20,000",0
2126210,0,"0 .. 20,000",0
835770,0,"0 .. 20,000",0
2677970,0,"0 .. 20,000",0
3098580,0,"0 .. 20,000",0
1191080,0,"0 .. 20,000",0
3109640,0,"0 .. 20,000",0
2792900,0,"0 .. 20,000",0
2947450,0,"0 .. 20,000",0
468170,0,"0 .. 20,000",0
558680,0,"0 .. 20,000",0
632840,0,"0 .. 20,000",0
556850,0,"0 .. 20,000",257
603630,0,"0 .. 20,000",9
674370,0,"0 .. 20,000",0
798140,0,"0 .. 20,000",0
1379350,0,"0 .. 20,000",0
432250,0,"0 .. 20,000",0
995450,0,"0 .. 20,000",0
1343550,0,"0 .. 20,000",0
1227360,0,"0 .. 20,000",0
1102370,0,"0 .. 20,000",0
879030,0,"0 .. 20,000",0
1709820,0,"0 .. 20,000",0
949910,0,"0 .. 20,000",0
634060,0,"0 .. 20,000",0
810340,0,"0 .. 20,000",0
1322740,0,"0 .. 20,000",0
826030,0,"0 .. 20,000",0
517170,0,"0 .. 20,000",0
344890,0,"0 .. 20,000",0
782070,0,"0 .. 20,000",0
591930,0,"0 .. 20,000",0
425230,0,"0 .. 20,000",0
1632910,0,"0 .. 20,000",0
1311150,0,"0 .. 20,000",0
382480,0,"0 .. 20,000",138
695360,0,"0 .. 20,000",223
626250,0,"0 .. 20,000",5321
2569580,0,"0 .. 20,000",0
705860,0,"0 .. 20,000",0
2538780,0,"0 .. 20,000",0
912660,0,"0 .. 20,000",0
875540,0,"0 .. 20,000",0
844060,0,"0 .. 20,000",0
1579710,0,"0 .. 20,000",0
2228120,0,"0 .. 20,000",0
1281480,0,"0 .. 20,000",0
2436350,0,"0 .. 20,000",0
1799400,0,"0 .. 20,000",0
1751230,0,"0 .. 20,000",0
1466970,0,"0 .. 20,000",0
583750,0,"0 .. 20,000",9
1227730,0,"0 .. 20,000",0
2288730,0,"0 .. 20,000",0
1181780,0,"0 .. 20,000",0
953150,0,"0 .. 20,000",0
272920,0,"0 .. 20,000",0
557460,0,"0 .. 20,000",0
958190,0,"0 .. 20,000",0
776450,0,"0 .. 20,000",0
565490,0,"0 .. 20,000",0
556700,0,"0 .. 20,000",0
2811700,0,"0 .. 20,000",0
1045310,0,"0 .. 20,000",0
1179430,0,"0 .. 20,000",0
499760,0,"0 .. 20,000",0
1252480,0,"0 .. 20,000",0
2158510,0,"0 .. 20,000",0
526310,0,"0 .. 20,000",0
1245920,0,"0 .. 20,000",0
2735880,0,"0 .. 20,000",0
2069680,0,"0 .. 20,000",0
744720,0,"0 .. 20,000",0
2248540,0,"0 .. 20,000",0
792670,0,"0 .. 20,000",0
2175120,0,"0 .. 20,000",0
923650,0,"0 .. 20,000",0
928170,0,"0 .. 20,000",0
977670,0,"0 .. 20,000",0
407700,0,"0 .. 20,000",0
346300,0,"0 .. 20,000",0
1217280,0,"0 .. 20,000",0
685570,0,"0 .. 20,000",0
1500960,0,"0 .. 20,000",0
702180,0,"0 .. 20,000",0
1453350,0,"0 .. 20,000",0
765570,0,"0 .. 20,000",0
1446640,0,"0 .. 20,000",0
765090,0,"0 .. 20,000",0
1221520,0,"0 .. 20,000",0
1109380,0,"0 .. 20,000",0
941400,0,"0 .. 20,000",0
961720,0,"0 .. 20,000",0
926870,0,"0 .. 20,000",0
680500,0,"0 .. 20,000",0
1198020,0,"0 .. 20,000",0
1174890,0,"0 .. 20,000",0
870940,0,"0 .. 20,000",0
780690,0,"0 .. 20,000",0
580060,0,"0 .. 20,000",0
1762100,0,"0 .. 20,000",0
880320,0,"0 .. 20,000",0
1270890,0,"0 .. 20,000",0
1819960,0,"0 .. 20,000",0
1272460,0,"0 .. 20,000",0
333380,0,"0 .. 20,000",0
672220,0,"0 .. 20,000",0
1559670,0,"0 .. 20,000",0
2655040,0,"0 .. 20,000",0
2793300,0,"0 .. 20,000",0
336210,0,"0 .. 20,000",0
1900410,0,"0 .. 20,000",0
2669730,0,"0 .. 20,000",0
880770,0,"0 .. 20,000",0
1904030,0,"0 .. 20,000",0
1457100,0,"0 .. 20,000",0
1594970,0,"0 .. 20,000",0
1051630,0,"0 .. 20,000",0
1505670,0,"0 .. 20,000",0
935340,0,"0 .. 20,000",0
873000,0,"0 .. 20,000",0
1332190,0,"0 .. 20,000",0
1431340,0,"0 .. 20,000",0
2796100,0,"0 .. 20,000",0
1142890,0,"0 .. 20,000",0
585310,0,"0 .. 20,000",0
1630530,0,"0 .. 20,000",0
2955460,0,"0 .. 20,000",0
794780,0,"0 .. 20,000",0
346930,0,"0 .. 20,000",0
1159700,0,"0 .. 20,000",0
610210,0,"0 .. 20,000",0
1569370,0,"0 .. 20,000",0
613370,0,"0 .. 20,000",0
1838250,0,"0 .. 20,000",0
854310,0,"0 .. 20,000",0
1074860,0,"0 .. 20,000",0
2462340,0,"0 .. 20,000",0
1530370,0,"0 .. 20,000",0
792400,0,"0 .. 20,000",0
1248120,0,"0 .. 20,000",46
1041660,0,"0 .. 20,000",0
1374630,0,"0 .. 20,000",0
1311670,0,"0 .. 20,000",0
2362570,0,"0 .. 20,000",0
747730,0,"0 .. 20,000",0
830850,0,"0 .. 20,000",0
1329560,0,"0 .. 20,000",0
1471460,0,"0 .. 20,000",0
914680,0,"0 .. 20,000",0
2245490,0,"0 .. 20,000",0
887170,0,"0 .. 20,000",0
1912900,0,"0 .. 20,000",0
2185810,0,"0 .. 20,000",0
2207610,0,"0 .. 20,000",0
2516700,0,"0 .. 20,000",0
1256440,0,"0 .. 20,000",0
2722160,0,"0 .. 20,000",0
2950190,0,"0 .. 20,000",0
1607640,0,"0 .. 20,000",0
1995840,0,"0 .. 20,000",0
1201000,0,"0 .. 20,000",0
1392770,0,"0 .. 20,000",0
758210,0,"0 .. 20,000",22
2386840,0,"0 .. 20,000",0
461320,0,"0 .. 20,000",0
1115860,0,"0 .. 20,000",0
2097410,0,"0 .. 20,000",0
1383160,0,"0 .. 20,000",0
2429930,0,"0 .. 20,000",0
2835480,0,"0 .. 20,000",0
550740,0,"0 .. 20,000",0
369190,0,"0 .. 20,000",0
2555970,0,"0 .. 20,000",0
1462640,0,"0 .. 20,000",0
2102770,0,"0 .. 20,000",0
2819300,0,"0 .. 20,000",0
730270,0,"0 .. 20,000",0
356030,0,"0 .. 20,000",0
1132670,0,"0 .. 20,000",0
1300610,0,"0 .. 20,000",0
1866610,0,"0 .. 20,000",0
477140,0,"0 .. 20,000",505
1266120,0,"0 .. 20,000",0
1670010,0,"0 .. 20,000",0
699720,0,"0 .. 20,000",20
609170,0,"0 .. 20,000",96
1174550,0,"0 .. 20,000",0
2241580,0,"0 .. 20,000",0
1934020,0,"0 .. 20,000",0
2222020,0,"0 .. 20,000",0
1408080,0,"0 .. 20,000",0
1803590,0,"0 .. 20,000",0
1610120,0,"0 .. 20,000",0
1711120,0,"0 .. 20,000",0
1482150,0,"0 .. 20,000",0
2500680,0,"0 .. 20,000",0
1954930,0,"0 .. 20,000",0
2149430,0,"0 .. 20,000",0
2711070,0,"0 .. 20,000",0
1747900,0,"0 .. 20,000",0
2051640,0,"0 .. 20,000",0
1415010,0,"0 .. 20,000",0
2815830,0,"0 .. 20,000",0
2461840,0,"0 .. 20,000",0
1334650,0,"0 .. 20,000",0
1861630,0,"0 .. 20,000",0
340960,0,"0 .. 20,000",24
1579260,0,"0 .. 20,000",0
2095080,0,"0 .. 20,000",0
598430,0,"0 .. 20,000",0
3198360,0,"0 .. 20,000",143
1827660,0,"0 .. 20,000",311
2105600,0,"0 .. 20,000",34
2600830,0,"0 .. 20,000",0
2084590,0,"0 .. 20,000",206
979800,0,"0 .. 20,000",0
1112620,0,"0 .. 20,000",33
1299030,0,"0 .. 20,000",0
572160,0,"0 .. 20,000",0
2522160,0,"0 .. 20,000",0
1900020,0,"0 .. 20,000",257
1093790,0,"0 .. 20,000",0
2088630,0,"0 .. 20,000",47
688540,0,"0 .. 20,000",122
1234550,0,"0 .. 20,000",0
2311760,0,"0 .. 20,000",93
650350,0,"0 .. 20,000",0
1133330,0,"0 .. 20,000",57
1108170,0,"0 .. 20,000",0
645720,0,"0 .. 20,000",234
1594130,0,"0 .. 20,000",0
618100,0,"0 .. 20,000",110
2012140,0,"0 .. 20,000",0
779130,0,"0 .. 20,000",0
2409110,0,"0 .. 20,000",259
2063530,0,"0 .. 20,000",6
3064670,0,"0 .. 20,000",270
905490,0,"0 .. 20,000",372
809730,0,"0 .. 20,000",176
1407860,0,"0 .. 20,000",0
1285060,0,"0 .. 20,000",21
1299170,0,"0 .. 20,000",179
2927320,0,"0 .. 20,000",0
2534790,0,"0 .. 20,000",0
3349960,0,"0 .. 20,000",0
3176980,0,"0 .. 20,000",0
3365470,0,"0 .. 20,000",0
2994990,0,"0 .. 20,000",0
3438800,0,"0 .. 20,000",163
2780470,0,"0 .. 20,000",0
2542140,0,"0 .. 20,000",278
3487060,0,"0 .. 20,000",0
2624060,0,"0 .. 20,000",0
3078850,0,"0 .. 20,000",0
1386000,0,"0 .. 20,000",0
1311770,0,"0 .. 20,000",0
2667790,0,"0 .. 20,000",0
788870,0,"0 .. 20,000",0
432030,0,"0 .. 20,000",0
1189650,0,"0 .. 20,000",0
1377010,0,"0 .. 20,000",0
2533430,0,"0 .. 20,000",0
2257560,0,"0 .. 20,000",0
1096540,0,"0 .. 20,000",0
2378490,0,"0 .. 20,000",0
438310,0,"0 .. 20,000",0
1092500,0,"0 .. 20,000",0
2000980,0,"0 .. 20,000",0
598180,0,"0 .. 20,000",0
2562040,0,"0 .. 20,000",0
2613960,0,"0 .. 20,000",0
438440,0,"0 .. 20,000",0
2160420,0,"0 .. 20,000",0
1656840,0,"0 .. 20,000",0
2373390,0,"0 .. 20,000",0
2247760,0,"0 .. 20,000",121
1391540,0,"0 .. 20,000",0
1280950,0,"0 .. 20,000",0
1123400,0,"0 .. 20,000",0
1116080,0,"0 .. 20,000",0
918530,0,"0 .. 20,000",157
1422940,0,"0 .. 20,000",0
1355780,0,"0 .. 20,000",69
3345690,0,"0 .. 20,000",0
3015740,0,"0 .. 20,000",0
457250,0,"0 .. 20,000",0
1235710,0,"0 .. 20,000",0
2596530,0,"0 .. 20,000",0
3066260,0,"0 .. 20,000",115
2342690,0,"0 .. 20,000",0
2916470,0,"0 .. 20,000",0
2393910,0,"0 .. 20,000",0
958230,0,"0 .. 20,000",0
1273150,0,"0 .. 20,000",0
1250350,0,"0 .. 20,000",0
1448330,0,"0 .. 20,000",0
1185280,0,"0 .. 20,000",0
1889330,0,"0 .. 20,000",0
777890,0,"0 .. 20,000",0
779380,0,"0 .. 20,000",0
672490,0,"0 .. 20,000",1
625480,0,"0 .. 20,000",109
1567480,0,"0 .. 20,000",0
335940,0,"0 .. 20,000",74
2950820,0,"0 .. 20,000",0
1675090,0,"0 .. 20,000",0
1994720,0,"0 .. 20,000",0
440450,0,"0 .. 20,000",0
886710,0,"0 .. 20,000",0
1194750,0,"0 .. 20,000",0
250540,0,"0 .. 20,000",0
2154890,0,"0 .. 20,000",0
1582500,0,"0 .. 20,000",0
1915430,0,"0 .. 20,000",0
1954550,0,"0 .. 20,000",0
2878030,0,"0 .. 20,000",47
3113230,0,"0 .. 20,000",0
2598800,0,"0 .. 20,000",86
3079970,0,"0 .. 20,000",209
2764750,0,"0 .. 20,000",593
1782190,0,"0 .. 20,000",0
1303170,0,"0 .. 20,000",0
1013970,0,"0 .. 20,000",0
1438940,0,"0 .. 20,000",0
2574470,0,"0 .. 20,000",0
845400,0,"0 .. 20,000",0
2266020,0,"0 .. 20,000",0
1868080,0,"0 .. 20,000",0
699100,0,"0 .. 20,000",0
2476730,0,"0 .. 20,000",0
1706920,0,"0 .. 20,000",0
488590,0,"0 .. 20,000",4
982060,0,"0 .. 20,000",0
1138260,0,"0 .. 20,000",38
2826730,0,"0 .. 20,000",0
2160190,0,"0 .. 20,000",0
1029260,0,"0 .. 20,000",58
1058680,0,"0 .. 20,000",0
1042230,0,"0 .. 20,000",0
1107490,0,"0 .. 20,000",0
393800,0,"0 .. 20,000",0
768370,0,"0 .. 20,000",816
860190,0,"0 .. 20,000",15
1588040,0,"0 .. 20,000",0
674250,0,"0 .. 20,000",0
999190,0,"0 .. 20,000",0
577210,0,"0 .. 20,000",92
601120,0,"0 .. 20,000",0
376880,0,"0 .. 20,000",46
548650,0,"0 .. 20,000",676
544410,0,"0 .. 20,000",0
1005730,0,"0 .. 20,000",0
413110,0,"0 .. 20,000",376
748310,0,"0 .. 20,000",0
441230,0,"0 .. 20,000",0
2723340,0,"0 .. 20,000",0
2461880,0,"0 .. 20,000",0
502600,0,"0 .. 20,000",0
1494780,0,"0 .. 20,000",0
504470,0,"0 .. 20,000",0
526240,0,"0 .. 20,000",0
3388780,0,"0 .. 20,000",0
838820,0,"0 .. 20,000",0
347050,0,"0 .. 20,000",0
1470750,0,"0 .. 20,000",0
1343130,0,"0 .. 20,000",0
2380850,0,"0 .. 20,000",0
1177850,0,"0 .. 20,000",0
2189930,0,"0 .. 20,000",0
2426100,0,"0 .. 20,000",0
2764870,0,"0 .. 20,000",0
1422680,0,"0 .. 20,000",0
1489520,0,"0 .. 20,000",0
1852180,0,"0 .. 20,000",0
2429580,0,"0 .. 20,000",0
1066930,0,"0 .. 20,000",0
1187520,0,"0 .. 20,000",0
1661390,0,"0 .. 20,000",0
1365540,0,"0 .. 20,000",0
554550,0,"0 .. 20,000",0
1927820,0,"0 .. 20,000",0
442660,0,"0 .. 20,000",15
1302480,0,"0 .. 20,000",0
2442660,0,"0 .. 20,000",0
559630,0,"0 .. 20,000",0
745930,0,"0 .. 20,000",0
1710500,0,"0 .. 20,000",0
1462190,0,"0 .. 20,000",0
1777960,0,"0 .. 20,000",0
1848390,0,"0 .. 20,000",0
1188590,0,"0 .. 20,000",0
2227710,0,"0 .. 20,000",0
2230030,0,"0 .. 20,000",0
2871700,0,"0 .. 20,000",0
1417740,0,"0 .. 20,000",0
2181140,0,"0 .. 20,000",0
2339220,0,"0 .. 20,000",0
2312650,0,"0 .. 20,000",0
1249890,0,"0 .. 20,000",0
2255380,0,"0 .. 20,000",0
1592020,0,"0 .. 20,000",0
1616540,0,"0 .. 20,000",0
1671240,0,"0 .. 20,000",0
1859840,0,"0 .. 20,000",0
2973700,0,"0 .. 20,000",0
2812530,0,"0 .. 20,000",0
1892040,0,"0 .. 20,000",0
2600670,0,"0 .. 20,000",0
3404170,0,"0 .. 20,000",0
2681580,0,"0 .. 20,000",0
309900,0,"0 .. 20,000",0
1062480,0,"0 .. 20,000",0
1064080,0,"0 .. 20,000",0
963180,0,"0 .. 20,000",0
687640,0,"0 .. 20,000",0
598690,0,"0 .. 20,000",44
1332630,0,"0 .. 20,000",0
601620,0,"0 .. 20,000",0
1270840,0,"0 .. 20,000",0
836580,0,"0 .. 20,000",0
551960,0,"0 .. 20,000",0
528980,0,"0 .. 20,000",45
2199810,0,"0 .. 20,000",0
734350,0,"0 .. 20,000",0
1565830,0,"0 .. 20,000",0
702080,0,"0 .. 20,000",0
414490,0,"0 .. 20,000",0
1144270,0,"0 .. 20,000",0
893910,0,"0 .. 20,000",0
1786150,0,"0 .. 20,000",0
852880,0,"0 .. 20,000",0
935970,0,"0 .. 20,000",0
3050760,0,"0 .. 20,000",0
2025280,0,"0 .. 20,000",0
1499890,0,"0 .. 20,000",0
1681580,0,"0 .. 20,000",0
2673010,0,"0 .. 20,000",0
2490080,0,"0 .. 20,000",0
1351380,0,"0 .. 20,000",0
2521740,0,"0 .. 20,000",0
3509120,0,"0 .. 20,000",0
3210270,0,"0 .. 20,000",0
2944920,0,"0 .. 20,000",0
2629370,0,"0 .. 20,000",0
2662280,0,"0 .. 20,000",0
3401390,0,"0 .. 20,000",0
3405020,0,"0 .. 20,000",0
2103020,0,"0 .. 20,000",0
2421470,0,"0 .. 20,000",0
1730060,0,"0 .. 20,000",0
2605350,0,"0 .. 20,000",0
1627750,0,"0 .. 20,000",0
2569220,0,"0 .. 20,000",0
2237070,0,"0 .. 20,000",0
2452350,0,"0 .. 20,000",0
2650450,0,"0 .. 20,000",0
2640130,0,"0 .. 20,000",0
2918270,0,"0 .. 20,000",0
2248380,0,"0 .. 20,000",0
2531560,0,"0 .. 20,000",0
2436390,0,"0 .. 20,000",0
3146270,0,"0 .. 20,000",0
2671050,0,"0 .. 20,000",0
3099030,0,"0 .. 20,000",0
2198370,0,"0 .. 20,000",0
1168400,0,"0 .. 20,000",0
1520160,0,"0 .. 20,000",17
2595700,0,"0 .. 20,000",0
2397240,0,"0 .. 20,000",0
3172550,0,"0 .. 20,000",0
2810700,0,"0 .. 20,000",0
3230240,0,"0 .. 20,000",0
3151530,0,"0 .. 20,000",0
3408950,0,"0 .. 20,000",0
2701060,0,"0 .. 20,000",0
2844310,0,"0 .. 20,000",0
2777360,0,"0 .. 20,000",0
3399480,0,"0 .. 20,000",0
2901570,0,"0 .. 20,000",0
2705210,0,"0 .. 20,000",50
3062500,0,"0 .. 20,000",589
2435910,0,"0 .. 20,000",0
3082840,0,"0 .. 20,000",0
2261150,0,"0 .. 20,000",0
2421520,0,"0 .. 20,000",0
3149100,0,"0 .. 20,000",0
1425300,0,"0 .. 20,000",0
1528230,0,"0 .. 20,000",0
2296870,0,"0 .. 20,000",0
1625330,0,"0 .. 20,000",0
1989200,0,"0 .. 20,000",0
1774130,0,"0 .. 20,000",0
2898240,0,"0 .. 20,000",0
2017920,0,"0 .. 20,000",0
2844520,0,"0 .. 20,000",0
547120,0,"0 .. 20,000",0
1045390,0,"0 .. 20,000",0
1308140,0,"0 .. 20,000",0
1029640,0,"0 .. 20,000",0
1119970,0,"0 .. 20,000",179
555970,0,"0 .. 20,000",0
843500,0,"0 .. 20,000",171
455590,0,"0 .. 20,000",0
1318530,0,"0 .. 20,000",0
622420,0,"0 .. 20,000",0
1191590,0,"0 .. 20,000",0
608580,0,"0 .. 20,000",0
866260,0,"0 .. 20,000",0
788490,0,"0 .. 20,000",0
1050080,0,"0 .. 20,000",0
941020,0,"0 .. 20,000",11
903180,0,"0 .. 20,000",0
1499750,0,"0 .. 20,000",0
855770,0,"0 .. 20,000",0
704140,0,"0 .. 20,000",0
1020120,0,"0 .. 20,000",0
367030,0,"0 .. 20,000",10
662910,0,"0 .. 20,000",0
491440,0,"0 .. 20,000",0
1344950,0,"0 .. 20,000",0
1352180,0,"0 .. 20,000",0
1578890,0,"0 .. 20,000",0
1358320,0,"0 .. 20,000",0
1383490,0,"0 .. 20,000",0
1644600,0,"0 .. 20,000",0
1801670,0,"0 .. 20,000",0
453030,0,"0 .. 20,000",0
436510,0,"0 .. 20,000",2
1571750,0,"0 .. 20,000",0
1912140,0,"0 .. 20,000",0
1831140,0,"0 .. 20,000",0
904640,0,"0 .. 20,000",0
536660,0,"0 .. 20,000",0
1278370,0,"0 .. 20,000",0
308540,0,"0 .. 20,000",0
1366320,0,"0 .. 20,000",0
1423090,0,"0 .. 20,000",0
1556420,0,"0 .. 20,000",0
1326110,0,"0 .. 20,000",0
827930,0,"0 .. 20,000",0
2115140,0,"0 .. 20,000",0
1083580,0,"0 .. 20,000",0
758560,0,"0 .. 20,000",191
342530,0,"0 .. 20,000",163
1037830,0,"0 .. 20,000",0
2310260,0,"0 .. 20,000",0
1929530,0,"0 .. 20,000",0
914130,0,"0 .. 20,000",0
3300670,0,"0 .. 20,000",0
2451370,0,"0 .. 20,000",0
917600,0,"0 .. 20,000",0
2566240,0,"0 .. 20,000",0
1688730,0,"0 .. 20,000",0
1687480,0,"0 .. 20,000",0
1039430,0,"0 .. 20,000",0
2102870,0,"0 .. 20,000",0
2669540,0,"0 .. 20,000",0
609400,0,"0 .. 20,000",0
1491050,0,"0 .. 20,000",0
383010,0,"0 .. 20,000",0
2065620,0,"0 .. 20,000",0
1253050,0,"0 .. 20,000",0
1873200,0,"0 .. 20,000",0
2097150,0,"0 .. 20,000",0
1726860,0,"0 .. 20,000",0
1665490,0,"0 .. 20,000",0
1016750,0,"0 .. 20,000",0
1403130,0,"0 .. 20,000",0
925880,0,"0 .. 20,000",0
1235440,0,"0 .. 20,000",0
2927860,0,"0 .. 20,000",0
503390,0,"0 .. 20,000",0
2442120,0,"0 .. 20,000",0
698650,0,"0 .. 20,000",0
1340440,0,"0 .. 20,000",0
1698680,0,"0 .. 20,000",0
1060350,0,"0 .. 20,000",0
1396480,0,"0 .. 20,000",0
1165460,0,"0 .. 20,000",0
520230,0,"0 .. 20,000",0
1044800,0,"0 .. 20,000",0
883170,0,"0 .. 20,000",0
2057040,0,"0 .. 20,000",0
509260,0,"0 .. 20,000",0
2234820,0,"0 .. 20,000",0
747750,0,"0 .. 20,000",0
1062850,0,"0 .. 20,000",0
1220830,0,"0 .. 20,000",0
942320,0,"0 .. 20,000",0
1131160,0,"0 .. 20,000",0
725550,0,"0 .. 20,000",0
518610,0,"0 .. 20,000",0
1595260,0,"0 .. 20,000",0
1160480,0,"0 .. 20,000",0
766430,0,"0 .. 20,000",0
472720,0,"0 .. 20,000",0
436410,0,"0 .. 20,000",0
1127200,0,"0 .. 20,000",0
1432840,0,"0 .. 20,000",0
874180,0,"0 .. 20,000",0
859420,0,"0 .. 20,000",0
717680,0,"0 .. 20,000",0
438160,0,"0 .. 20,000",0
1378250,0,"0 .. 20,000",0
1338910,0,"0 .. 20,000",0
1132640,0,"0 .. 20,000",0
1107170,0,"0 .. 20,000",0
978380,0,"0 .. 20,000",0
941340,0,"0 .. 20,000",0
943440,0,"0 .. 20,000",0
1779770,0,"0 .. 20,000",0
1488000,0,"0 .. 20,000",0
1469890,0,"0 .. 20,000",0
1489820,0,"0 .. 20,000",0
1180070,0,"0 .. 20,000",0
1274160,0,"0 .. 20,000",0
886210,0,"0 .. 20,000",0
1023100,0,"0 .. 20,000",0
915430,0,"0 .. 20,000",0
553530,0,"0 .. 20,000",0
424310,0,"0 .. 20,000",0
397830,0,"0 .. 20,000",0
1874510,0,"0 .. 20,000",0
1635290,0,"0 .. 20,000",0
1512950,0,"0 .. 20,000",0
873740,0,"0 .. 20,000",0
766620,0,"0 .. 20,000",0
381290,0,"0 .. 20,000",0
1451200,0,"0 .. 20,000",0
1893300,0,"0 .. 20,000",0
1306900,0,"0 .. 20,000",0
531080,0,"0 .. 20,000",0
1524920,0,"0 .. 20,000",0
1484660,0,"0 .. 20,000",0
974860,0,"0 .. 20,000",0
394960,0,"0 .. 20,000",0
378280,0,"0 .. 20,000",0
412640,0,"0 .. 20,000",0
646830,0,"0 .. 20,000",0
1446660,0,"0 .. 20,000",0
388830,0,"0 .. 20,000",0
933590,0,"0 .. 20,000",0
1350810,0,"0 .. 20,000",0
1376340,0,"0 .. 20,000",0
2381810,0,"0 .. 20,000",0
2282730,0,"0 .. 20,000",0
2679340,0,"0 .. 20,000",0
2201790,0,"0 .. 20,000",0
1379070,0,"0 .. 20,000",0
1225240,0,"0 .. 20,000",0
1395510,0,"0 .. 20,000",0
522960,0,"0 .. 20,000",0
1152660,0,"0 .. 20,000",0
628940,0,"0 .. 20,000",0
1287230,0,"0 .. 20,000",0
810580,0,"0 .. 20,000",0
602180,0,"0 .. 20,000",0
384920,0,"0 .. 20,000",0
1256510,0,"0 .. 20,000",0
747330,0,"0 .. 20,000",0
2007150,0,"0 .. 20,000",0
972080,0,"0 .. 20,000",0
948270,0,"0 .. 20,000",0
1987810,0,"0 .. 20,000",0
1209740,0,"0 .. 20,000",0
1803620,0,"0 .. 20,000",0
1902200,0,"0 .. 20,000",0
689660,0,"0 .. 20,000",0
2515060,0,"0 .. 20,000",0
1194770,0,"0 .. 20,000",0
616330,0,"0 .. 20,000",13
1734310,0,"0 .. 20,000",0
973560,0,"0 .. 20,000",0
907870,0,"0 .. 20,000",0
1969180,0,"0 .. 20,000",0
1345180,0,"0 .. 20,000",0
779110,0,"0 .. 20,000",0
1392570,0,"0 .. 20,000",0
1430820,0,"0 .. 20,000",0
2669680,0,"0 .. 20,000",0
733550,0,"0 .. 20,000",0
1004780,0,"0 .. 20,000",0
558740,0,"0 .. 20,000",0
717020,0,"0 .. 20,000",0
2784770,0,"0 .. 20,000",0
1331540,0,"0 .. 20,000",0
684560,0,"0 .. 20,000",0
988250,0,"0 .. 20,000",0
1827060,0,"0 .. 20,000",0
1944130,0,"0 .. 20,000",0
847460,0,"0 .. 20,000",0
1281580,0,"0 .. 20,000",0
2567800,0,"0 .. 20,000",0
960800,0,"0 .. 20,000",0
1315040,0,"0 .. 20,000",0
456150,0,"0 .. 20,000",0
421110,0,"0 .. 20,000",0
910770,0,"0 .. 20,000",0
2353660,0,"0 .. 20,000",0
2063790,0,"0 .. 20,000",0
1578380,0,"0 .. 20,000",0
878030,0,"0 .. 20,000",0
1608330,0,"0 .. 20,000",0
1973620,0,"0 .. 20,000",0
2113230,0,"0 .. 20,000",0
2252870,0,"0 .. 20,000",0
2126580,0,"0 .. 20,000",0
2515520,0,"0 .. 20,000",0
777530,0,"0 .. 20,000",0
1901090,0,"0 .. 20,000",0
3113640,0,"0 .. 20,000",0
583000,0,"0 .. 20,000",0
3127480,0,"0 .. 20,000",0
738350,0,"0 .. 20,000",0
3061040,0,"0 .. 20,000",0
2503600,0,"0 .. 20,000",0
1665570,0,"0 .. 20,000",0
2445350,0,"0 .. 20,000",0
1177480,0,"0 .. 20,000",0
2762610,0,"0 .. 20,000",0
2795130,0,"0 .. 20,000",0
640080,0,"0 .. 20,000",0
2943620,0,"0 .. 20,000",0
1058990,0,"0 .. 20,000",0
1778200,0,"0 .. 20,000",0
1233230,0,"0 .. 20,000",0
2392810,0,"0 .. 20,000",0
2831550,0,"0 .. 20,000",0
2821740,0,"0 .. 20,000",0
604530,0,"0 .. 20,000",91
2175450,0,"0 .. 20,000",0
2960010,0,"0 .. 20,000",0
3019270,0,"0 .. 20,000",0
1729640,0,"0 .. 20,000",0
1948140,0,"0 .. 20,000",0
2272950,0,"0 .. 20,000",0
3179010,0,"0 .. 20,000",0
948220,0,"0 .. 20,000",0
1666660,0,"0 .. 20,000",0
436480,0,"0 .. 20,000",0
1634940,0,"0 .. 20,000",0
1999320,0,"0 .. 20,000",0
2985910,0,"0 .. 20,000",0
2246640,0,"0 .. 20,000",0
3152530,0,"0 .. 20,000",0
2116770,0,"0 .. 20,000",0
454770,0,"0 .. 20,000",159
1990980,0,"0 .. 20,000",0
2394070,0,"0 .. 20,000",0
672790,0,"0 .. 20,000",0
2832220,0,"0 .. 20,000",0
1251410,0,"0 .. 20,000",0
2368100,0,"0 .. 20,000",0
2324090,0,"0 .. 20,000",27132
2295280,0,"0 .. 20,000",0
2019920,0,"0 .. 20,000",0
1896550,0,"0 .. 20,000",71
1076480,0,"0 .. 20,000",0
2471090,0,"0 .. 20,000",0
1743570,0,"0 .. 20,000",0
1268350,0,"0 .. 20,000",0
1484940,0,"0 .. 20,000",0
1242630,0,"0 .. 20,000",0
2094850,0,"0 .. 20,000",0
2360560,0,"0 .. 20,000",0
1859990,0,"0 .. 20,000",54
2462570,0,"0 .. 20,000",0
1552680,0,"0 .. 20,000",0
1224900,0,"0 .. 20,000",0
2602540,0,"0 .. 20,000",0
1543590,0,"0 .. 20,000",94
1906050,0,"0 .. 20,000",0
1334500,0,"0 .. 20,000",0
1839060,0,"0 .. 20,000",467
2419800,0,"0 .. 20,000",1
2758260,0,"0 .. 20,000",0
1269310,0,"0 .. 20,000",3143
1619350,0,"0 .. 20,000",33
1327920,0,"0 .. 20,000",92
2434120,0,"0 .. 20,000",0
1619790,0,"0 .. 20,000",0
1478970,0,"0 .. 20,000",0
2234960,0,"0 .. 20,000",0
772180,0,"0 .. 20,000",0
529020,0,"0 .. 20,000",0
1906230,0,"0 .. 20,000",0
957070,0,"0 .. 20,000",0
1750110,0,"0 .. 20,000",114
648050,0,"0 .. 20,000",0
2280060,0,"0 .. 20,000",0
2372330,0,"0 .. 20,000",238
577970,0,"0 .. 20,000",112
2278830,0,"0 .. 20,000",224
1476350,0,"0 .. 20,000",174
1092590,0,"0 .. 20,000",69
3179880,0,"0 .. 20,000",0
1731170,0,"0 .. 20,000",0
2697610,0,"0 .. 20,000",0
3180610,0,"0 .. 20,000",0
2838160,0,"0 .. 20,000",0
3648540,0,"0 .. 20,000",0
2820390,0,"0 .. 20,000",0
2551300,0,"0 .. 20,000",0
2994150,0,"0 .. 20,000",0
3215290,0,"0 .. 20,000",0
2818480,0,"0 .. 20,000",333
3137520,0,"0 .. 20,000",0
1530580,0,"0 .. 20,000",0
2203850,0,"0 .. 20,000",0
1100880,0,"0 .. 20,000",0
1256350,0,"0 .. 20,000",0
1274560,0,"0 .. 20,000",0
2008650,0,"0 .. 20,000",0
2734250,0,"0 .. 20,000",0
1833910,0,"0 .. 20,000",0
1126100,0,"0 .. 20,000",0
1141640,0,"0 .. 20,000",0
2225600,0,"0 .. 20,000",0
616660,0,"0 .. 20,000",10
367820,0,"0 .. 20,000",0
537060,0,"0 .. 20,000",8
2524920,0,"0 .. 20,000",0
797040,0,"0 .. 20,000",0
2022140,0,"0 .. 20,000",0
1576560,0,"0 .. 20,000",0
2114500,0,"0 .. 20,000",0
229560,0,"0 .. 20,000",0
1307180,0,"0 .. 20,000",0
1357890,0,"0 .. 20,000",0
493400,0,"0 .. 20,000",46
1223530,0,"0 .. 20,000",0
2191570,0,"0 .. 20,000",0
462480,0,"0 .. 20,000",0
979010,0,"0 .. 20,000",1076
2362120,0,"0 .. 20,000",0
1048580,0,"0 .. 20,000",0
1248550,0,"0 .. 20,000",0
2230220,0,"0 .. 20,000",0
1498250,0,"0 .. 20,000",0
864730,0,"0 .. 20,000",50
1292700,0,"0 .. 20,000",0
1837690,0,"0 .. 20,000",0
2158670,0,"0 .. 20,000",16009
2311060,0,"0 .. 20,000",0
3227710,0,"0 .. 20,000",0
3283650,0,"0 .. 20,000",0
3226570,0,"0 .. 20,000",0
3409500,0,"0 .. 20,000",0
1737110,0,"0 .. 20,000",0
2282890,0,"0 .. 20,000",0
1908530,0,"0 .. 20,000",0
3561770,0,"0 .. 20,000",0
3615160,0,"0 .. 20,000",991
2978440,0,"0 .. 20,000",0
1889890,0,"0 .. 20,000",215
3397800,0,"0 .. 20,000",6
2287150,0,"0 .. 20,000",73
2986370,0,"0 .. 20,000",208
3116640,0,"0 .. 20,000",415
1757510,0,"0 .. 20,000",0
940020,0,"0 .. 20,000",0
2160560,0,"0 .. 20,000",0
1257620,0,"0 .. 20,000",0
801950,0,"0 .. 20,000",0
2315000,0,"0 .. 20,000",0
677870,0,"0 .. 20,000",0
1769470,0,"0 .. 20,000",0
887440,0,"0 .. 20,000",0
1737450,0,"0 .. 20,000",0
450020,0,"0 .. 20,000",272
1742340,0,"0 .. 20,000",0
1301430,0,"0 .. 20,000",0
772710,0,"0 .. 20,000",0
1051850,0,"0 .. 20,000",0
1319400,0,"0 .. 20,000",0
984250,0,"0 .. 20,000",199
1807330,0,"0 .. 20,000",0
1636150,0,"0 .. 20,000",0
516590,0,"0 .. 20,000",21
329040,0,"0 .. 20,000",1120
992260,0,"0 .. 20,000",0
2769110,0,"0 .. 20,000",0
3212140,0,"0 .. 20,000",0
3243720,0,"0 .. 20,000",0
3634700,0,"0 .. 20,000",0
3018630,0,"0 .. 20,000",0
993770,0,"0 .. 20,000",0
2937290,0,"0 .. 20,000",0
2945410,0,"0 .. 20,000",0
3026770,0,"0 .. 20,000",0
3205630,0,"0 .. 20,000",0
2682860,0,"0 .. 20,000",0
2965680,0,"0 .. 20,000",0
2455610,0,"0 .. 20,000",116
3327670,0,"0 .. 20,000",0
2241380,0,"0 .. 20,000",0
3449590,0,"0 .. 20,000",0
1561470,0,"0 .. 20,000",0
1814540,0,"0 .. 20,000",0
2258550,0,"0 .. 20,000",0
2118940,0,"0 .. 20,000",0
2191230,0,"0 .. 20,000",0
959770,0,"0 .. 20,000",0
757590,0,"0 .. 20,000",0
620280,0,"0 .. 20,000",0
512420,0,"0 .. 20,000",97
992990,0,"0 .. 20,000",0
2686330,0,"0 .. 20,000",0
729030,0,"0 .. 20,000",55
1309780,0,"0 .. 20,000",0
1497000,0,"0 .. 20,000",0
767360,0,"0 .. 20,000",0
252090,0,"0 .. 20,000",0
1764820,0,"0 .. 20,000",0
565670,0,"0 .. 20,000",0
1050720,0,"0 .. 20,000",0
1555220,0,"0 .. 20,000",25
1458650,0,"0 .. 20,000",0
1540920,0,"0 .. 20,000",0
1828540,0,"0 .. 20,000",0
512170,0,"0 .. 20,000",0
2080070,0,"0 .. 20,000",0
422940,0,"0 .. 20,000",0
661660,0,"0 .. 20,000",0
415010,0,"0 .. 20,000",0
427830,0,"0 .. 20,000",0
621500,0,"0 .. 20,000",63
699390,0,"0 .. 20,000",0
613970,0,"0 .. 20,000",0
266190,0,"0 .. 20,000",0
1011260,0,"0 .. 20,000",0
651640,0,"0 .. 20,000",0
956360,0,"0 .. 20,000",0
528910,0,"0 .. 20,000",0
762130,0,"0 .. 20,000",0
479200,0,"0 .. 20,000",0
822770,0,"0 .. 20,000",10
756700,0,"0 .. 20,000",44
879660,0,"0 .. 20,000",0
582390,0,"0 .. 20,000",0
798670,0,"0 .. 20,000",0
349190,0,"0 .. 20,000",0
2555270,0,"0 .. 20,000",0
414810,0,"0 .. 20,000",5
3419930,0,"0 .. 20,000",0
2126940,0,"0 .. 20,000",0
2372400,0,"0 .. 20,000",0
409580,0,"0 .. 20,000",0
2131840,0,"0 .. 20,000",0
1102150,0,"0 .. 20,000",0
1119860,0,"0 .. 20,000",0
597020,0,"0 .. 20,000",0
341660,0,"0 .. 20,000",0
547250,0,"0 .. 20,000",0
1086060,0,"0 .. 20,000",0
869910,0,"0 .. 20,000",0
693790,0,"0 .. 20,000",0
542820,0,"0 .. 20,000",0
1884450,0,"0 .. 20,000",0
1066620,0,"0 .. 20,000",0
305720,0,"0 .. 20,000",0
1369980,0,"0 .. 20,000",0
1938830,0,"0 .. 20,000",0
1904320,0,"0 .. 20,000",0
3175300,0,"0 .. 20,000",0
1871900,0,"0 .. 20,000",0
2915290,0,"0 .. 20,000",0
3009750,0,"0 .. 20,000",0
2408220,0,"0 .. 20,000",0
2157050,0,"0 .. 20,000",0
393820,0,"0 .. 20,000",0
1515610,0,"0 .. 20,000",0
2918650,0,"0 .. 20,000",0
812960,0,"0 .. 20,000",0
869130,0,"0 .. 20,000",0
1758600,0,"0 .. 20,000",0
904950,0,"0 .. 20,000",0
1868760,0,"0 .. 20,000",0
2689220,0,"0 .. 20,000",0
1464150,0,"0 .. 20,000",0
719470,0,"0 .. 20,000",0
1633020,0,"0 .. 20,000",0
1124000,0,"0 .. 20,000",0
844250,0,"0 .. 20,000",0
1200710,0,"0 .. 20,000",0
787460,0,"0 .. 20,000",0
1493690,0,"0 .. 20,000",0
546870,0,"0 .. 20,000",0
966250,0,"0 .. 20,000",0
1701650,0,"0 .. 20,000",0
696630,0,"0 .. 20,000",0
321390,0,"0 .. 20,000",0
927150,0,"0 .. 20,000",0
885320,0,"0 .. 20,000",0
1810840,0,"0 .. 20,000",0
1048300,0,"0 .. 20,000",0
1207500,0,"0 .. 20,000",0
809580,0,"0 .. 20,000",0
2671880,0,"0 .. 20,000",0
659780,0,"0 .. 20,000",0
813170,0,"0 .. 20,000",1
889400,0,"0 .. 20,000",0
1154010,0,"0 .. 20,000",0
765790,0,"0 .. 20,000",0
2136480,0,"0 .. 20,000",0
2823630,0,"0 .. 20,000",0
2257140,0,"0 .. 20,000",0
1520120,0,"0 .. 20,000",0
2330040,0,"0 .. 20,000",0
2331110,0,"0 .. 20,000",0
1211390,0,"0 .. 20,000",0
595360,0,"0 .. 20,000",0
2731910,0,"0 .. 20,000",0
620670,0,"0 .. 20,000",0
1119790,0,"0 .. 20,000",0
2212850,0,"0 .. 20,000",0
1614920,0,"0 .. 20,000",0
3291580,0,"0 .. 20,000",0
3424540,0,"0 .. 20,000",0
2589410,0,"0 .. 20,000",0
2493960,0,"0 .. 20,000",0
1416000,0,"0 .. 20,000",0
976260,0,"0 .. 20,000",0
1517120,0,"0 .. 20,000",0
1253760,0,"0 .. 20,000",0
1697040,0,"0 .. 20,000",0
970660,0,"0 .. 20,000",0
3206320,0,"0 .. 20,000",0
2607480,0,"0 .. 20,000",0
1101340,0,"0 .. 20,000",0
3239800,0,"0 .. 20,000",0
3206010,0,"0 .. 20,000",0
2924600,0,"0 .. 20,000",0
1455680,0,"0 .. 20,000",0
2783920,0,"0 .. 20,000",0
1881480,0,"0 .. 20,000",0
3286810,0,"0 .. 20,000",0
2365960,0,"0 .. 20,000",0
999340,0,"0 .. 20,000",0
2549150,0,"0 .. 20,000",0
2816630,0,"0 .. 20,000",0
2760650,0,"0 .. 20,000",0
3120210,0,"0 .. 20,000",0
357920,0,"0 .. 20,000",0
394490,0,"0 .. 20,000",0
790700,0,"0 .. 20,000",0
896040,0,"0 .. 20,000",0
1174780,0,"0 .. 20,000",0
886120,0,"0 .. 20,000",0
1314170,0,"0 .. 20,000",0
1172730,0,"0 .. 20,000",0
1305960,0,"0 .. 20,000",0
1277140,0,"0 .. 20,000",0
916980,0,"0 .. 20,000",0
1060160,0,"0 .. 20,000",0
1994110,0,"0 .. 20,000",0
489400,0,"0 .. 20,000",0
1096510,0,"0 .. 20,000",0
1923650,0,"0 .. 20,000",0
365290,0,"0 .. 20,000",0
305660,0,"0 .. 20,000",0
2590920,0,"0 .. 20,000",0
486410,0,"0 .. 20,000",0
2204810,0,"0 .. 20,000",0
1600030,0,"0 .. 20,000",0
1366650,0,"0 .. 20,000",0
2944950,0,"0 .. 20,000",0
2672070,0,"0 .. 20,000",0
1124550,0,"0 .. 20,000",0
799210,0,"0 .. 20,000",0
939810,0,"0 .. 20,000",0
1619940,0,"0 .. 20,000",0
1831290,0,"0 .. 20,000",0
1855150,0,"0 .. 20,000",0
1926500,0,"0 .. 20,000",0
3225610,0,"0 .. 20,000",0
1955970,0,"0 .. 20,000",0
2625680,0,"0 .. 20,000",0
2761180,0,"0 .. 20,000",0
1468390,0,"0 .. 20,000",0
1337880,0,"0 .. 20,000",0
1636570,0,"0 .. 20,000",0
2891540,0,"0 .. 20,000",0
2353930,0,"0 .. 20,000",0
2847390,0,"0 .. 20,000",0
2401380,0,"0 .. 20,000",0
793850,0,"0 .. 20,000",0
2831200,0,"0 .. 20,000",0
2992740,0,"0 .. 20,000",0
2065750,0,"0 .. 20,000",0
3505800,0,"0 .. 20,000",0
1560480,0,"0 .. 20,000",0
1877780,0,"0 .. 20,000",0
1733050,0,"0 .. 20,000",0
2542080,0,"0 .. 20,000",0
2493670,0,"0 .. 20,000",0
1724310,0,"0 .. 20,000",0
3491070,0,"0 .. 20,000",0
2660560,0,"0 .. 20,000",0
2371460,0,"0 .. 20,000",0
858770,0,"0 .. 20,000",0
2979330,0,"0 .. 20,000",0
1982950,0,"0 .. 20,000",0
2578460,0,"0 .. 20,000",0
2691280,0,"0 .. 20,000",0
1469430,0,"0 .. 20,000",0
3206660,0,"0 .. 20,000",0
1492050,0,"0 .. 20,000",0
2823400,0,"0 .. 20,000",0
3058550,0,"0 .. 20,000",0
3290450,0,"0 .. 20,000",0
2805580,0,"0 .. 20,000",0
2746150,0,"0 .. 20,000",0
1933160,0,"0 .. 20,000",0
3016480,0,"0 .. 20,000",0
2456640,0,"0 .. 20,000",0
3332170,0,"0 .. 20,000",0
3146050,0,"0 .. 20,000",0
2025800,0,"0 .. 20,000",0
2710460,0,"0 .. 20,000",0
2666000,0,"0 .. 20,000",0
964090,0,"0 .. 20,000",0
3489710,0,"0 .. 20,000",0
3569050,0,"0 .. 20,000",0
3287730,0,"0 .. 20,000",0
2612360,0,"0 .. 20,000",0
1039080,0,"0 .. 20,000",0
791260,0,"0 .. 20,000",0
609360,0,"0 .. 20,000",0
1975810,0,"0 .. 20,000",0
2829020,0,"0 .. 20,000",0
2800790,0,"0 .. 20,000",0
2577010,0,"0 .. 20,000",0
3258980,0,"0 .. 20,000",0
1939740,0,"0 .. 20,000",0
3361330,0,"0 .. 20,000",0
2728090,0,"0 .. 20,000",0
2062160,0,"0 .. 20,000",0
2331080,0,"0 .. 20,000",0
2800620,0,"0 .. 20,000",0
3297340,0,"0 .. 20,000",0
716950,0,"0 .. 20,000",0
689520,0,"0 .. 20,000",0
811240,0,"0 .. 20,000",52
467480,0,"0 .. 20,000",0
1007230,0,"0 .. 20,000",0
972760,0,"0 .. 20,000",0
443890,0,"0 .. 20,000",88
544220,0,"0 .. 20,000",0
307150,0,"0 .. 20,000",0
708120,0,"0 .. 20,000",0
554570,0,"0 .. 20,000",18
351170,0,"0 .. 20,000",848
879610,0,"0 .. 20,000",0
432720,0,"0 .. 20,000",181
643830,0,"0 .. 20,000",0
680440,0,"0 .. 20,000",1
439740,0,"0 .. 20,000",0
686940,0,"0 .. 20,000",0
346800,0,"0 .. 20,000",159
804460,0,"0 .. 20,000",0
486660,0,"0 .. 20,000",0
522300,0,"0 .. 20,000",0
995490,0,"0 .. 20,000",0
1208870,0,"0 .. 20,000",0
1014100,0,"0 .. 20,000",0
703030,0,"0 .. 20,000",0
834140,0,"0 .. 20,000",0
709850,0,"0 .. 20,000",0
768550,0,"0 .. 20,000",0
1131270,0,"0 .. 20,000",0
375550,0,"0 .. 20,000",0
571500,0,"0 .. 20,000",0
1073050,0,"0 .. 20,000",0
611230,0,"0 .. 20,000",0
1177610,0,"0 .. 20,000",0
926400,0,"0 .. 20,000",0
863210,0,"0 .. 20,000",0
1356190,0,"0 .. 20,000",0
284910,0,"0 .. 20,000",0
1171560,0,"0 .. 20,000",0
738830,0,"0 .. 20,000",0
1986970,0,"0 .. 20,000",0
1645150,0,"0 .. 20,000",0
1281390,0,"0 .. 20,000",0
680950,0,"0 .. 20,000",0
557330,0,"0 .. 20,000",0
513460,0,"0 .. 20,000",0
2375600,0,"0 .. 20,000",0
1098390,0,"0 .. 20,000",0
1483970,0,"0 .. 20,000",0
406410,0,"0 .. 20,000",27
809200,0,"0 .. 20,000",0
507440,0,"0 .. 20,000",0
1829800,0,"0 .. 20,000",0
1181020,0,"0 .. 20,000",0
760530,0,"0 .. 20,000",0
2456110,0,"0 .. 20,000",0
2230060,0,"0 .. 20,000",0
470280,0,"0 .. 20,000",0
899570,0,"0 .. 20,000",0
1114610,0,"0 .. 20,000",0
932690,0,"0 .. 20,000",0
413490,0,"0 .. 20,000",0
397020,0,"0 .. 20,000",0
1250720,0,"0 .. 20,000",0
2825780,0,"0 .. 20,000",0
1345520,0,"0 .. 20,000",0
897530,0,"0 .. 20,000",0
2350990,0,"0 .. 20,000",0
1492260,0,"0 .. 20,000",0
2713920,0,"0 .. 20,000",0
1168530,0,"0 .. 20,000",0
977410,0,"0 .. 20,000",0
1050580,0,"0 .. 20,000",0
950830,0,"0 .. 20,000",0
2943550,0,"0 .. 20,000",0
488150,0,"0 .. 20,000",0
2847020,0,"0 .. 20,000",0
1939600,0,"0 .. 20,000",0
1271420,0,"0 .. 20,000",0
464690,0,"0 .. 20,000",0
1572230,0,"0 .. 20,000",0
786400,0,"0 .. 20,000",0
485240,0,"0 .. 20,000",0
2094430,0,"0 .. 20,000",0
1723170,0,"0 .. 20,000",0
1903330,0,"0 .. 20,000",0
355490,0,"0 .. 20,000",3
726610,0,"0 .. 20,000",0
1878660,0,"0 .. 20,000",0
1339080,0,"0 .. 20,000",0
982760,0,"0 .. 20,000",0
640600,0,"0 .. 20,000",0
361330,0,"0 .. 20,000",15
2231580,0,"0 .. 20,000",0
2315460,0,"0 .. 20,000",0
2305400,0,"0 .. 20,000",0
1929820,0,"0 .. 20,000",0
2202150,0,"0 .. 20,000",0
965000,0,"0 .. 20,000",0
899100,0,"0 .. 20,000",0
1709150,0,"0 .. 20,000",0
2373900,0,"0 .. 20,000",0
1971330,0,"0 .. 20,000",0
422210,0,"0 .. 20,000",0
2737940,0,"0 .. 20,000",0
2724020,0,"0 .. 20,000",0
1505690,0,"0 .. 20,000",0
1961960,0,"0 .. 20,000",0
547920,0,"0 .. 20,000",0
2155740,0,"0 .. 20,000",0
1112200,0,"0 .. 20,000",0
1250210,0,"0 .. 20,000",0
1018110,0,"0 .. 20,000",0
532080,0,"0 .. 20,000",0
717240,0,"0 .. 20,000",0
1184550,0,"0 .. 20,000",0
512400,0,"0 .. 20,000",0
697600,0,"0 .. 20,000",0
1641520,0,"0 .. 20,000",0
1652510,0,"0 .. 20,000",0
1054030,0,"0 .. 20,000",0
1383830,0,"0 .. 20,000",0
728630,0,"0 .. 20,000",0
2282720,0,"0 .. 20,000",0
523440,0,"0 .. 20,000",0
749200,0,"0 .. 20,000",0
402970,0,"0 .. 20,000",0
594120,0,"0 .. 20,000",0
598720,0,"0 .. 20,000",0
1066440,0,"0 .. 20,000",0
874630,0,"0 .. 20,000",0
2389030,0,"0 .. 20,000",0
731700,0,"0 .. 20,000",0
796340,0,"0 .. 20,000",0
1075910,0,"0 .. 20,000",0
944030,0,"0 .. 20,000",0
2223640,0,"0 .. 20,000",0
2214050,0,"0 .. 20,000",0
1007870,0,"0 .. 20,000",0
1311650,0,"0 .. 20,000",0
1002500,0,"0 .. 20,000",0
1423360,0,"0 .. 20,000",0
717280,0,"0 .. 20,000",0
1190320,0,"0 .. 20,000",0
1033150,0,"0 .. 20,000",0
1126280,0,"0 .. 20,000",0
508350,0,"0 .. 20,000",0
1543630,0,"0 .. 20,000",0
429480,0,"0 .. 20,000",0
1360260,0,"0 .. 20,000",0
782210,0,"0 .. 20,000",0
1657210,0,"0 .. 20,000",0
1691990,0,"0 .. 20,000",0
391530,0,"0 .. 20,000",1210
494370,0,"0 .. 20,000",0
1037110,0,"0 .. 20,000",0
989050,0,"0 .. 20,000",0
613580,0,"0 .. 20,000",4
339530,0,"0 .. 20,000",0
1850420,0,"0 .. 20,000",0
463540,0,"0 .. 20,000",0
1102060,0,"0 .. 20,000",0
843840,0,"0 .. 20,000",0
914240,0,"0 .. 20,000",0
555730,0,"0 .. 20,000",0
529280,0,"0 .. 20,000",0
786470,0,"0 .. 20,000",0
604110,0,"0 .. 20,000",0
357730,0,"0 .. 20,000",0
610090,0,"0 .. 20,000",0
425870,0,"0 .. 20,000",0
346150,0,"0 .. 20,000",10
1576300,0,"0 .. 20,000",0
968480,0,"0 .. 20,000",0
953920,0,"0 .. 20,000",0
604630,0,"0 .. 20,000",0
683910,0,"0 .. 20,000",0
625800,0,"0 .. 20,000",0
1730090,0,"0 .. 20,000",0
840920,0,"0 .. 20,000",0
684970,0,"0 .. 20,000",0
296810,0,"0 .. 20,000",0
1665270,0,"0 .. 20,000",0
1544110,0,"0 .. 20,000",0
979880,0,"0 .. 20,000",0
772220,0,"0 .. 20,000",0
737390,0,"0 .. 20,000",0
511610,0,"0 .. 20,000",0
391190,0,"0 .. 20,000",0
1223880,0,"0 .. 20,000",0
1194220,0,"0 .. 20,000",0
1127580,0,"0 .. 20,000",0
1126430,0,"0 .. 20,000",0
1080310,0,"0 .. 20,000",0
1065930,0,"0 .. 20,000",0
1063060,0,"0 .. 20,000",0
1052470,0,"0 .. 20,000",0
989140,0,"0 .. 20,000",0
862590,0,"0 .. 20,000",0
805770,0,"0 .. 20,000",0
723020,0,"0 .. 20,000",0
734870,0,"0 .. 20,000",0
672010,0,"0 .. 20,000",0
506570,0,"0 .. 20,000",0
1970670,0,"0 .. 20,000",0
1901740,0,"0 .. 20,000",0
1459840,0,"0 .. 20,000",0
1284360,0,"0 .. 20,000",0
1286930,0,"0 .. 20,000",0
1133800,0,"0 .. 20,000",0
1178700,0,"0 .. 20,000",0
413650,0,"0 .. 20,000",0
888250,0,"0 .. 20,000",0
836400,0,"0 .. 20,000",0
838150,0,"0 .. 20,000",0
827770,0,"0 .. 20,000",0
760900,0,"0 .. 20,000",0
673720,0,"0 .. 20,000",0
575100,0,"0 .. 20,000",0
516460,0,"0 .. 20,000",0
361250,0,"0 .. 20,000",0
1873210,0,"0 .. 20,000",0
1808310,0,"0 .. 20,000",0
1713030,0,"0 .. 20,000",0
1517220,0,"0 .. 20,000",0
1193730,0,"0 .. 20,000",0
1226820,0,"0 .. 20,000",0
1227830,0,"0 .. 20,000",0
1181820,0,"0 .. 20,000",0
1144060,0,"0 .. 20,000",0
1103060,0,"0 .. 20,000",0
787410,0,"0 .. 20,000",0
1027690,0,"0 .. 20,000",0
1008990,0,"0 .. 20,000",0
873140,0,"0 .. 20,000",0
1022170,0,"0 .. 20,000",0
1010740,0,"0 .. 20,000",0
1009770,0,"0 .. 20,000",0
963590,0,"0 .. 20,000",0
778710,0,"0 .. 20,000",0
564140,0,"0 .. 20,000",0
341010,0,"0 .. 20,000",0
544290,0,"0 .. 20,000",0
534740,0,"0 .. 20,000",0
630040,0,"0 .. 20,000",0
387820,0,"0 .. 20,000",0
1993160,0,"0 .. 20,000",0
1951700,0,"0 .. 20,000",0
1977750,0,"0 .. 20,000",0
1547830,0,"0 .. 20,000",0
1545810,0,"0 .. 20,000",0
556840,0,"0 .. 20,000",0
690410,0,"0 .. 20,000",0
1246170,0,"0 .. 20,000",0
1124010,0,"0 .. 20,000",0
1264240,0,"0 .. 20,000",0
810080,0,"0 .. 20,000",0
812890,0,"0 .. 20,000",0
666040,0,"0 .. 20,000",0
1224130,0,"0 .. 20,000",0
392690,0,"0 .. 20,000",0
1116200,0,"0 .. 20,000",0
1151160,0,"0 .. 20,000",0
378390,0,"0 .. 20,000",0
1002750,0,"0 .. 20,000",0
800660,0,"0 .. 20,000",0
1841710,0,"0 .. 20,000",0
2062420,0,"0 .. 20,000",0
882840,0,"0 .. 20,000",0
534750,0,"0 .. 20,000",6
1859680,0,"0 .. 20,000",0
1160190,0,"0 .. 20,000",0
751920,0,"0 .. 20,000",0
840810,0,"0 .. 20,000",0
2365300,0,"0 .. 20,000",0
1229960,0,"0 .. 20,000",0
667050,0,"0 .. 20,000",0
770270,0,"0 .. 20,000",0
1740250,0,"0 .. 20,000",0
871860,0,"0 .. 20,000",0
1956820,0,"0 .. 20,000",0
2308040,0,"0 .. 20,000",0
951310,0,"0 .. 20,000",0
1029530,0,"0 .. 20,000",0
2719650,0,"0 .. 20,000",0
344180,0,"0 .. 20,000",0
340680,0,"0 .. 20,000",0
2390170,0,"0 .. 20,000",0
2454540,0,"0 .. 20,000",0
432420,0,"0 .. 20,000",0
924710,0,"0 .. 20,000",0
1857690,0,"0 .. 20,000",0
2142820,0,"0 .. 20,000",0
339560,0,"0 .. 20,000",0
2472510,0,"0 .. 20,000",0
2011030,0,"0 .. 20,000",0
1202560,0,"0 .. 20,000",0
517990,0,"0 .. 20,000",13
745270,0,"0 .. 20,000",0
1397810,0,"0 .. 20,000",0
314300,0,"0 .. 20,000",16
1890610,0,"0 .. 20,000",0
1696620,0,"0 .. 20,000",0
845440,0,"0 .. 20,000",0
923340,0,"0 .. 20,000",0
681380,0,"0 .. 20,000",0
1995220,0,"0 .. 20,000",0
3025150,0,"0 .. 20,000",0
1154990,0,"0 .. 20,000",0
1133540,0,"0 .. 20,000",0
1902230,0,"0 .. 20,000",0
666560,0,"0 .. 20,000",0
1928190,0,"0 .. 20,000",0
1794860,0,"0 .. 20,000",0
1259050,0,"0 .. 20,000",0
2842110,0,"0 .. 20,000",0
679390,0,"0 .. 20,000",27
865870,0,"0 .. 20,000",0
1136010,0,"0 .. 20,000",0
2982010,0,"0 .. 20,000",0
2510160,0,"0 .. 20,000",0
440280,0,"0 .. 20,000",0
865990,0,"0 .. 20,000",0
1456250,0,"0 .. 20,000",0
451060,0,"0 .. 20,000",0
1012650,0,"0 .. 20,000",0
1025870,0,"0 .. 20,000",0
1446510,0,"0 .. 20,000",0
2650240,0,"0 .. 20,000",0
965760,0,"0 .. 20,000",0
1260340,0,"0 .. 20,000",0
1159340,0,"0 .. 20,000",0
1217560,0,"0 .. 20,000",0
2794760,0,"0 .. 20,000",0
1095140,0,"0 .. 20,000",0
754020,0,"0 .. 20,000",0
1972360,0,"0 .. 20,000",0
599040,0,"0 .. 20,000",0
1067700,0,"0 .. 20,000",0
897910,0,"0 .. 20,000",0
1724670,0,"0 .. 20,000",0
931440,0,"0 .. 20,000",0
870740,0,"0 .. 20,000",0
2821760,0,"0 .. 20,000",0
1447210,0,"0 .. 20,000",0
3041160,0,"0 .. 20,000",0
2927570,0,"0 .. 20,000",0
1103980,0,"0 .. 20,000",0
897890,0,"0 .. 20,000",0
2692200,0,"0 .. 20,000",0
1266070,0,"0 .. 20,000",0
2177590,0,"0 .. 20,000",0
1776940,0,"0 .. 20,000",0
2163270,0,"0 .. 20,000",0
2766840,0,"0 .. 20,000",0
1426970,0,"0 .. 20,000",0
1000480,0,"0 .. 20,000",0
2564440,0,"0 .. 20,000",0
2484970,0,"0 .. 20,000",0
1250810,0,"0 .. 20,000",0
1983550,0,"0 .. 20,000",0
2480710,0,"0 .. 20,000",0
2514950,0,"0 .. 20,000",0
2713650,0,"0 .. 20,000",0
1961230,0,"0 .. 20,000",0
2106390,0,"0 .. 20,000",0
2109750,0,"0 .. 20,000",0
2882640,0,"0 .. 20,000",0
2564820,0,"0 .. 20,000",0
1715390,0,"0 .. 20,000",0
696880,0,"0 .. 20,000",0
2560390,0,"0 .. 20,000",0
2671550,0,"0 .. 20,000",0
1665650,0,"0 .. 20,000",0
2086120,0,"0 .. 20,000",0
305700,0,"0 .. 20,000",0
1379670,0,"0 .. 20,000",0
2798810,0,"0 .. 20,000",0
493480,0,"0 .. 20,000",36
2095480,0,"0 .. 20,000",0
774551,0,"0 .. 20,000",0
2341610,0,"0 .. 20,000",0
2972900,0,"0 .. 20,000",0
622290,0,"0 .. 20,000",0
1345610,0,"0 .. 20,000",0
1281310,0,"0 .. 20,000",0
3127870,0,"0 .. 20,000",0
2528520,0,"0 .. 20,000",0
2669520,0,"0 .. 20,000",0
793760,0,"0 .. 20,000",0
1703740,0,"0 .. 20,000",0
2122000,0,"0 .. 20,000",0
1411970,0,"0 .. 20,000",0
2881270,0,"0 .. 20,000",0
2944940,0,"0 .. 20,000",0
696250,0,"0 .. 20,000",0
2567490,0,"0 .. 20,000",0
377320,0,"0 .. 20,000",0
802330,0,"0 .. 20,000",0
511790,0,"0 .. 20,000",0
867610,0,"0 .. 20,000",0
923790,0,"0 .. 20,000",0
1833100,0,"0 .. 20,000",0
2728250,0,"0 .. 20,000",0
1788520,0,"0 .. 20,000",0
2105450,0,"0 .. 20,000",0
2431730,0,"0 .. 20,000",0
2541990,0,"0 .. 20,000",0
1199830,0,"0 .. 20,000",131
1774380,0,"0 .. 20,000",8
860500,0,"0 .. 20,000",0
2614000,0,"0 .. 20,000",0
1392560,0,"0 .. 20,000",0
1639730,0,"0 .. 20,000",151
1351470,0,"0 .. 20,000",309
674480,0,"0 .. 20,000",0
2398260,0,"0 .. 20,000",0
2541740,0,"0 .. 20,000",0
378530,0,"0 .. 20,000",1581
936980,0,"0 .. 20,000",0
1503590,0,"0 .. 20,000",549
1966170,0,"0 .. 20,000",0
1056230,0,"0 .. 20,000",20
576950,0,"0 .. 20,000",0
975390,0,"0 .. 20,000",11
1762400,0,"0 .. 20,000",0
1969920,0,"0 .. 20,000",0
1076600,0,"0 .. 20,000",0
1033140,0,"0 .. 20,000",0
2922710,0,"0 .. 20,000",0
1999470,0,"0 .. 20,000",0
2613950,0,"0 .. 20,000",361
2757600,0,"0 .. 20,000",0
599590,0,"0 .. 20,000",224
1110580,0,"0 .. 20,000",0
1525490,0,"0 .. 20,000",0
1687980,0,"0 .. 20,000",0
417200,0,"0 .. 20,000",2
2873620,0,"0 .. 20,000",0
929140,0,"0 .. 20,000",0
1204700,0,"0 .. 20,000",0
328710,0,"0 .. 20,000",0
832720,0,"0 .. 20,000",6
2071600,0,"0 .. 20,000",0
1839760,0,"0 .. 20,000",71
696600,0,"0 .. 20,000",0
1915780,0,"0 .. 20,000",0
2983940,0,"0 .. 20,000",0
1394460,0,"0 .. 20,000",0
734980,0,"0 .. 20,000",0
1280420,0,"0 .. 20,000",0
2082560,0,"0 .. 20,000",0
2179360,0,"0 .. 20,000",0
2459860,0,"0 .. 20,000",0
2969060,0,"0 .. 20,000",0
1280060,0,"0 .. 20,000",15
765030,0,"0 .. 20,000",0
2057430,0,"0 .. 20,000",0
2606920,0,"0 .. 20,000",0
1626350,0,"0 .. 20,000",0
3172700,0,"0 .. 20,000",0
3085890,0,"0 .. 20,000",83
1590850,0,"0 .. 20,000",542
1385780,0,"0 .. 20,000",8
1488560,0,"0 .. 20,000",350
2782020,0,"0 .. 20,000",0
3502150,0,"0 .. 20,000",0
3477820,0,"0 .. 20,000",0
1930350,0,"0 .. 20,000",0
3685980,0,"0 .. 20,000",0
2992470,0,"0 .. 20,000",0
3342400,0,"0 .. 20,000",0
3396090,0,"0 .. 20,000",0
3396310,0,"0 .. 20,000",0
2430500,0,"0 .. 20,000",0
2875810,0,"0 .. 20,000",0
3628630,0,"0 .. 20,000",0
3149850,0,"0 .. 20,000",0
2235550,0,"0 .. 20,000",0
3234700,0,"0 .. 20,000",0
1780070,0,"0 .. 20,000",265
2668000,0,"0 .. 20,000",0
3254940,0,"0 .. 20,000",60
2860990,0,"0 .. 20,000",346
3039500,0,"0 .. 20,000",342
1530450,0,"0 .. 20,000",247
2714920,0,"0 .. 20,000",0
1159160,0,"0 .. 20,000",0
1545260,0,"0 .. 20,000",0
2007080,0,"0 .. 20,000",0
1945880,0,"0 .. 20,000",0
2270460,0,"0 .. 20,000",0
2367440,0,"0 .. 20,000",0
2927470,0,"0 .. 20,000",0
694440,0,"0 .. 20,000",0
1777600,0,"0 .. 20,000",0
2322080,0,"0 .. 20,000",0
2304350,0,"0 .. 20,000",0
2318860,0,"0 .. 20,000",0
733710,0,"0 .. 20,000",0
2322420,0,"0 .. 20,000",0
2055310,0,"0 .. 20,000",0
2517180,0,"0 .. 20,000",0
1286570,0,"0 .. 20,000",0
2131150,0,"0 .. 20,000",0
2559350,0,"0 .. 20,000",0
843790,0,"0 .. 20,000",0
1059190,0,"0 .. 20,000",0
2593420,0,"0 .. 20,000",0
1521040,0,"0 .. 20,000",0
2284410,0,"0 .. 20,000",0
2475020,0,"0 .. 20,000",0
619670,0,"0 .. 20,000",0
936620,0,"0 .. 20,000",0
1366510,0,"0 .. 20,000",0
2860270,0,"0 .. 20,000",0
2946260,0,"0 .. 20,000",0
724070,0,"0 .. 20,000",72
1440090,0,"0 .. 20,000",0
858530,0,"0 .. 20,000",0
2924300,0,"0 .. 20,000",0
2981210,0,"0 .. 20,000",0
1958240,0,"0 .. 20,000",0
2641530,0,"0 .. 20,000",113
1114620,0,"0 .. 20,000",0
972390,0,"0 .. 20,000",0
1170180,0,"0 .. 20,000",0
513190,0,"0 .. 20,000",342
2583330,0,"0 .. 20,000",0
1240240,0,"0 .. 20,000",0
1316740,0,"0 .. 20,000",5
1584680,0,"0 .. 20,000",26
1586990,0,"0 .. 20,000",11
1294650,0,"0 .. 20,000",31
1488100,0,"0 .. 20,000",2
967330,0,"0 .. 20,000",0
1888330,0,"0 .. 20,000",10
1980390,0,"0 .. 20,000",0
3532150,0,"0 .. 20,000",0
2515950,0,"0 .. 20,000",0
3092280,0,"0 .. 20,000",0
3076100,0,"0 .. 20,000",0
3194970,0,"0 .. 20,000",0
3363980,0,"0 .. 20,000",0
2362200,0,"0 .. 20,000",0
3359980,0,"0 .. 20,000",0
2706880,0,"0 .. 20,000",0
3491740,0,"0 .. 20,000",0
2889940,0,"0 .. 20,000",0
3542310,0,"0 .. 20,000",0
3353380,0,"0 .. 20,000",0
3019830,0,"0 .. 20,000",0
1895720,0,"0 .. 20,000",0
3229600,0,"0 .. 20,000",0
3319250,0,"0 .. 20,000",0
3511350,0,"0 .. 20,000",0
3469000,0,"0 .. 20,000",0
2814560,0,"0 .. 20,000",0
3183790,0,"0 .. 20,000",0
3488490,0,"0 .. 20,000",0
2114330,0,"0 .. 20,000",0
3449840,0,"0 .. 20,000",0
3001780,0,"0 .. 20,000",0
3156240,0,"0 .. 20,000",0
1991820,0,"0 .. 20,000",0
2111020,0,"0 .. 20,000",0
2730700,0,"0 .. 20,000",0
2932960,0,"0 .. 20,000",29
3226140,0,"0 .. 20,000",0
3435260,0,"0 .. 20,000",979
3331320,0,"0 .. 20,000",48
397360,0,"0 .. 20,000",0
590580,0,"0 .. 20,000",0
757160,0,"0 .. 20,000",0
802340,0,"0 .. 20,000",0
2287130,0,"0 .. 20,000",0
1536740,0,"0 .. 20,000",0
2568620,0,"0 .. 20,000",0
699820,0,"0 .. 20,000",0
459870,0,"0 .. 20,000",0
2390290,0,"0 .. 20,000",0
601500,0,"0 .. 20,000",0
2470710,0,"0 .. 20,000",0
517280,0,"0 .. 20,000",0
1222250,0,"0 .. 20,000",0
349280,0,"0 .. 20,000",0
667110,0,"0 .. 20,000",0
1944700,0,"0 .. 20,000",0
381800,0,"0 .. 20,000",0
2626050,0,"0 .. 20,000",0
976340,0,"0 .. 20,000",0
575810,0,"0 .. 20,000",0
1455650,0,"0 .. 20,000",0
1191870,0,"0 .. 20,000",0
2766770,0,"0 .. 20,000",0
486370,0,"0 .. 20,000",0
372970,0,"0 .. 20,000",0
856010,0,"0 .. 20,000",0
1049130,0,"0 .. 20,000",0
1078640,0,"0 .. 20,000",0
572540,0,"0 .. 20,000",0
1122360,0,"0 .. 20,000",0
2884210,0,"0 .. 20,000",0
1648760,0,"0 .. 20,000",0
1823190,0,"0 .. 20,000",0
1247720,0,"0 .. 20,000",1860
1632330,0,"0 .. 20,000",0
705100,0,"0 .. 20,000",0
1787920,0,"0 .. 20,000",1
1138580,0,"0 .. 20,000",0
2517770,0,"0 .. 20,000",0
2749370,0,"0 .. 20,000",0
2696420,0,"0 .. 20,000",0
2726460,0,"0 .. 20,000",0
3298230,0,"0 .. 20,000",0
3410040,0,"0 .. 20,000",0
2559880,0,"0 .. 20,000",0
3149010,0,"0 .. 20,000",0
3578040,0,"0 .. 20,000",0
3449860,0,"0 .. 20,000",0
2768440,0,"0 .. 20,000",0
3312020,0,"0 .. 20,000",0
3125700,0,"0 .. 20,000",0
2396200,0,"0 .. 20,000",0
3055000,0,"0 .. 20,000",0
1864830,0,"0 .. 20,000",0
3244420,0,"0 .. 20,000",0
2377020,0,"0 .. 20,000",0
2435240,0,"0 .. 20,000",0
2212550,0,"0 .. 20,000",0
3125270,0,"0 .. 20,000",0
2686110,0,"0 .. 20,000",0
2848740,0,"0 .. 20,000",0
2866270,0,"0 .. 20,000",0
2902580,0,"0 .. 20,000",0
576230,0,"0 .. 20,000",0
802300,0,"0 .. 20,000",0
1971830,0,"0 .. 20,000",0
1733830,0,"0 .. 20,000",0
1779940,0,"0 .. 20,000",0
2372030,0,"0 .. 20,000",0
1079890,0,"0 .. 20,000",0
622540,0,"0 .. 20,000",1
1157120,0,"0 .. 20,000",0
2191410,0,"0 .. 20,000",0
849600,0,"0 .. 20,000",3
1068350,0,"0 .. 20,000",0
1654520,0,"0 .. 20,000",0
1737600,0,"0 .. 20,000",0
2102330,0,"0 .. 20,000",0
1299540,0,"0 .. 20,000",0
513790,0,"0 .. 20,000",0
542240,0,"0 .. 20,000",0
1020830,0,"0 .. 20,000",0
447960,0,"0 .. 20,000",0
930840,0,"0 .. 20,000",0
1222540,0,"0 .. 20,000",0
411130,0,"0 .. 20,000",0
1240220,0,"0 .. 20,000",0
454370,0,"0 .. 20,000",0
1208050,0,"0 .. 20,000",0
717800,0,"0 .. 20,000",0
2519220,0,"0 .. 20,000",0
782160,0,"0 .. 20,000",0
925600,0,"0 .. 20,000",0
983340,0,"0 .. 20,000",0
2745460,0,"0 .. 20,000",0
2356530,0,"0 .. 20,000",0
517270,0,"0 .. 20,000",0
563390,0,"0 .. 20,000",0
1169110,0,"0 .. 20,000",0
700590,0,"0 .. 20,000",0
1339870,0,"0 .. 20,000",0
465450,0,"0 .. 20,000",0
1683610,0,"0 .. 20,000",0
1420400,0,"0 .. 20,000",0
987630,0,"0 .. 20,000",0
939830,0,"0 .. 20,000",0
1150500,0,"0 .. 20,000",0
753210,0,"0 .. 20,000",0
916940,0,"0 .. 20,000",0
888810,0,"0 .. 20,000",0
1026060,0,"0 .. 20,000",0
1279220,0,"0 .. 20,000",0
783260,0,"0 .. 20,000",0
789960,0,"0 .. 20,000",0
600980,0,"0 .. 20,000",0
1338140,0,"0 .. 20,000",0
951030,0,"0 .. 20,000",0
556520,0,"0 .. 20,000",0
1218830,0,"0 .. 20,000",0
777460,0,"0 .. 20,000",0
1175930,0,"0 .. 20,000",0
970190,0,"0 .. 20,000",0
714060,0,"0 .. 20,000",0
395940,0,"0 .. 20,000",0
542410,0,"0 .. 20,000",0
851570,0,"0 .. 20,000",36
961110,0,"0 .. 20,000",0
496820,0,"0 .. 20,000",0
369270,0,"0 .. 20,000",0
686640,0,"0 .. 20,000",0
444830,0,"0 .. 20,000",0
502340,0,"0 .. 20,000",9
440720,0,"0 .. 20,000",0
659000,0,"0 .. 20,000",0
715410,0,"0 .. 20,000",0
391550,0,"0 .. 20,000",0
925640,0,"0 .. 20,000",0
601200,0,"0 .. 20,000",0
924020,0,"0 .. 20,000",0
845630,0,"0 .. 20,000",0
524350,0,"0 .. 20,000",0
596280,0,"0 .. 20,000",0
393170,0,"0 .. 20,000",0
3444570,0,"0 .. 20,000",0
523050,0,"0 .. 20,000",0
3248490,0,"0 .. 20,000",0
1987330,0,"0 .. 20,000",0
2610860,0,"0 .. 20,000",0
3319100,0,"0 .. 20,000",0
350800,0,"0 .. 20,000",0
980770,0,"0 .. 20,000",0
1597820,0,"0 .. 20,000",0
330880,0,"0 .. 20,000",0
700540,0,"0 .. 20,000",0
759950,0,"0 .. 20,000",0
325430,0,"0 .. 20,000",0
1941290,0,"0 .. 20,000",0
2064500,0,"0 .. 20,000",0
669700,0,"0 .. 20,000",0
1154490,0,"0 .. 20,000",0
1006390,0,"0 .. 20,000",0
1463050,0,"0 .. 20,000",0
1988960,0,"0 .. 20,000",0
2307150,0,"0 .. 20,000",0
2025770,0,"0 .. 20,000",0
1598030,0,"0 .. 20,000",0
1668630,0,"0 .. 20,000",0
2212000,0,"0 .. 20,000",0
905530,0,"0 .. 20,000",0
1981860,0,"0 .. 20,000",0
1122900,0,"0 .. 20,000",0
774901,0,"0 .. 20,000",0
572350,0,"0 .. 20,000",0
496510,0,"0 .. 20,000",0
949500,0,"0 .. 20,000",0
867470,0,"0 .. 20,000",0
1555660,0,"0 .. 20,000",0
2282010,0,"0 .. 20,000",0
1960320,0,"0 .. 20,000",0
2206410,0,"0 .. 20,000",0
2361030,0,"0 .. 20,000",0
1884350,0,"0 .. 20,000",0
1274390,0,"0 .. 20,000",0
3133380,0,"0 .. 20,000",0
1873230,0,"0 .. 20,000",0
1313340,0,"0 .. 20,000",0
1579200,0,"0 .. 20,000",0
1168980,0,"0 .. 20,000",0
2697360,0,"0 .. 20,000",0
1183750,0,"0 .. 20,000",0
1973470,0,"0 .. 20,000",0
1496500,0,"0 .. 20,000",0
857890,0,"0 .. 20,000",0
1056320,0,"0 .. 20,000",0
1023130,0,"0 .. 20,000",0
926480,0,"0 .. 20,000",0
1680620,0,"0 .. 20,000",0
1189210,0,"0 .. 20,000",0
2333430,0,"0 .. 20,000",0
529790,0,"0 .. 20,000",0
327960,0,"0 .. 20,000",0
1668660,0,"0 .. 20,000",0
340140,0,"0 .. 20,000",0
1047850,0,"0 .. 20,000",0
904810,0,"0 .. 20,000",0
1103160,0,"0 .. 20,000",0
732040,0,"0 .. 20,000",0
1198380,0,"0 .. 20,000",0
1508340,0,"0 .. 20,000",0
1465450,0,"0 .. 20,000",0
1087610,0,"0 .. 20,000",0
500880,0,"0 .. 20,000",0
1821970,0,"0 .. 20,000",0
1253240,0,"0 .. 20,000",0
489100,0,"0 .. 20,000",0
1986990,0,"0 .. 20,000",0
620890,0,"0 .. 20,000",0
617450,0,"0 .. 20,000",0
2512460,0,"0 .. 20,000",0
1487230,0,"0 .. 20,000",0
949070,0,"0 .. 20,000",0
791570,0,"0 .. 20,000",0
786620,0,"0 .. 20,000",0
502920,0,"0 .. 20,000",0
2588180,0,"0 .. 20,000",0
1164970,0,"0 .. 20,000",0
810050,0,"0 .. 20,000",0
1538040,0,"0 .. 20,000",0
966070,0,"0 .. 20,000",0
799910,0,"0 .. 20,000",0
456090,0,"0 .. 20,000",0
1020650,0,"0 .. 20,000",0
768900,0,"0 .. 20,000",0
1499990,0,"0 .. 20,000",0
681550,0,"0 .. 20,000",3
1283550,0,"0 .. 20,000",0
2341600,0,"0 .. 20,000",0
1544480,0,"0 .. 20,000",0
2051210,0,"0 .. 20,000",0
1241030,0,"0 .. 20,000",0
1331240,0,"0 .. 20,000",0
799560,0,"0 .. 20,000",0
837500,0,"0 .. 20,000",0
787530,0,"0 .. 20,000",0
2314950,0,"0 .. 20,000",0
883370,0,"0 .. 20,000",0
2066540,0,"0 .. 20,000",0
614550,0,"0 .. 20,000",0
1053700,0,"0 .. 20,000",0
866900,0,"0 .. 20,000",0
1590680,0,"0 .. 20,000",0
2956800,0,"0 .. 20,000",0
2471770,0,"0 .. 20,000",0
1559070,0,"0 .. 20,000",0
732480,0,"0 .. 20,000",0
2890440,0,"0 .. 20,000",0
692780,0,"0 .. 20,000",0
2479070,0,"0 .. 20,000",0
2504660,0,"0 .. 20,000",0
1189430,0,"0 .. 20,000",0
1415540,0,"0 .. 20,000",0
2918730,0,"0 .. 20,000",0
2174210,0,"0 .. 20,000",0
1911030,0,"0 .. 20,000",0
785830,0,"0 .. 20,000",0
2360860,0,"0 .. 20,000",0
2167390,0,"0 .. 20,000",0
2077190,0,"0 .. 20,000",0
2974370,0,"0 .. 20,000",0
2636780,0,"0 .. 20,000",0
1782890,0,"0 .. 20,000",0
2481440,0,"0 .. 20,000",0
684840,0,"0 .. 20,000",0
2002140,0,"0 .. 20,000",0
2387480,0,"0 .. 20,000",0
1807960,0,"0 .. 20,000",0
2661690,0,"0 .. 20,000",0
2713640,0,"0 .. 20,000",0
1986170,0,"0 .. 20,000",0
2211440,0,"0 .. 20,000",0
707760,0,"0 .. 20,000",0
2642040,0,"0 .. 20,000",0
2459250,0,"0 .. 20,000",0
1488220,0,"0 .. 20,000",0
1652740,0,"0 .. 20,000",0
1982730,0,"0 .. 20,000",0
1360780,0,"0 .. 20,000",0
2198820,0,"0 .. 20,000",0
1352120,0,"0 .. 20,000",0
1947930,0,"0 .. 20,000",0
1995710,0,"0 .. 20,000",0
2410730,0,"0 .. 20,000",0
3264570,0,"0 .. 20,000",0
2242200,0,"0 .. 20,000",0
1427570,0,"0 .. 20,000",0
2428940,0,"0 .. 20,000",0
2765180,0,"0 .. 20,000",0
2821620,0,"0 .. 20,000",0
3353180,0,"0 .. 20,000",0
3119250,0,"0 .. 20,000",0
1746820,0,"0 .. 20,000",0
3101700,0,"0 .. 20,000",0
510410,0,"0 .. 20,000",0
443700,0,"0 .. 20,000",0
881980,0,"0 .. 20,000",0
607190,0,"0 .. 20,000",0
995840,0,"0 .. 20,000",0
1199360,0,"0 .. 20,000",0
641950,0,"0 .. 20,000",0
349150,0,"0 .. 20,000",0
601020,0,"0 .. 20,000",0
979300,0,"0 .. 20,000",0
1149180,0,"0 .. 20,000",0
849860,0,"0 .. 20,000",0
1014710,0,"0 .. 20,000",0
1430010,0,"0 .. 20,000",0
908440,0,"0 .. 20,000",0
1749980,0,"0 .. 20,000",111
546210,0,"0 .. 20,000",0
563490,0,"0 .. 20,000",2
522730,0,"0 .. 20,000",0
1926180,0,"0 .. 20,000",0
623900,0,"0 .. 20,000",0
2409040,0,"0 .. 20,000",0
1111660,0,"0 .. 20,000",0
748050,0,"0 .. 20,000",0
997000,0,"0 .. 20,000",0
1715490,0,"0 .. 20,000",0
1939140,0,"0 .. 20,000",0
1630520,0,"0 .. 20,000",0
1049630,0,"0 .. 20,000",0
2433230,0,"0 .. 20,000",0
1625270,0,"0 .. 20,000",0
1043760,0,"0 .. 20,000",0
340190,0,"0 .. 20,000",0
2488930,0,"0 .. 20,000",0
1271870,0,"0 .. 20,000",0
1407620,0,"0 .. 20,000",0
1464850,0,"0 .. 20,000",0
2138930,0,"0 .. 20,000",0
3533520,0,"0 .. 20,000",0
2563050,0,"0 .. 20,000",0
2641550,0,"0 .. 20,000",0
1789460,0,"0 .. 20,000",0
1299130,0,"0 .. 20,000",0
3185770,0,"0 .. 20,000",0
2915590,0,"0 .. 20,000",0
2473790,0,"0 .. 20,000",0
2060580,0,"0 .. 20,000",0
2732610,0,"0 .. 20,000",0
2409050,0,"0 .. 20,000",0
2942170,0,"0 .. 20,000",0
1967950,0,"0 .. 20,000",0
2007000,0,"0 .. 20,000",0
2301500,0,"0 .. 20,000",0
1735480,0,"0 .. 20,000",0
2654290,0,"0 .. 20,000",0
2256160,0,"0 .. 20,000",0
1689410,0,"0 .. 20,000",0
1587770,0,"0 .. 20,000",0
2746140,0,"0 .. 20,000",0
3145480,0,"0 .. 20,000",0
1841160,0,"0 .. 20,000",0
2793210,0,"0 .. 20,000",0
1907990,0,"0 .. 20,000",0
2895030,0,"0 .. 20,000",0
1797450,0,"0 .. 20,000",0
2241760,0,"0 .. 20,000",0
3418970,0,"0 .. 20,000",0
2817600,0,"0 .. 20,000",0
1923990,0,"0 .. 20,000",0
821380,0,"0 .. 20,000",0
2676790,0,"0 .. 20,000",0
2150840,0,"0 .. 20,000",0
1791230,0,"0 .. 20,000",0
2634300,0,"0 .. 20,000",0
2100810,0,"0 .. 20,000",0
2151450,0,"0 .. 20,000",0
2072950,0,"0 .. 20,000",0
2633860,0,"0 .. 20,000",0
2254200,0,"0 .. 20,000",0
3231920,0,"0 .. 20,000",0
2069820,0,"0 .. 20,000",0
3258910,0,"0 .. 20,000",0
3292920,0,"0 .. 20,000",0
2121610,0,"0 .. 20,000",0
2361240,0,"0 .. 20,000",0
1216940,0,"0 .. 20,000",0
3365970,0,"0 .. 20,000",0
2501680,0,"0 .. 20,000",0
2221820,0,"0 .. 20,000",0
2095540,0,"0 .. 20,000",0
1710180,0,"0 .. 20,000",0
1814030,0,"0 .. 20,000",0
2953430,0,"0 .. 20,000",0
3059380,0,"0 .. 20,000",0
3038250,0,"0 .. 20,000",0
3021020,0,"0 .. 20,000",0
2384130,0,"0 .. 20,000",0
2569410,0,"0 .. 20,000",0
2994080,0,"0 .. 20,000",0
2539800,0,"0 .. 20,000",0
2678710,0,"0 .. 20,000",0
1839710,0,"0 .. 20,000",0
2759130,0,"0 .. 20,000",0
2909140,0,"0 .. 20,000",0
3625220,0,"0 .. 20,000",0
3463560,0,"0 .. 20,000",0
978280,0,"0 .. 20,000",0
2163160,0,"0 .. 20,000",136
2621160,0,"0 .. 20,000",0
1927100,0,"0 .. 20,000",0
3027900,0,"0 .. 20,000",0
2774940,0,"0 .. 20,000",0
2630210,0,"0 .. 20,000",0
3446090,0,"0 .. 20,000",0
3228560,0,"0 .. 20,000",0
2844290,0,"0 .. 20,000",0
3189820,0,"0 .. 20,000",0
2245610,0,"0 .. 20,000",0
3171500,0,"0 .. 20,000",0
2497840,0,"0 .. 20,000",0
2840690,0,"0 .. 20,000",0
2917990,0,"0 .. 20,000",0
3448340,0,"0 .. 20,000",0
3269830,0,"0 .. 20,000",0
1808330,0,"0 .. 20,000",0
1044130,0,"0 .. 20,000",0
869550,0,"0 .. 20,000",0
2367880,0,"0 .. 20,000",0
392150,0,"0 .. 20,000",0
1276720,0,"0 .. 20,000",0
1998320,0,"0 .. 20,000",0
1810020,0,"0 .. 20,000",0
2411620,0,"0 .. 20,000",0
1299800,0,"0 .. 20,000",0
2619640,0,"0 .. 20,000",0
1906400,0,"0 .. 20,000",0
2661220,0,"0 .. 20,000",0
2354880,0,"0 .. 20,000",0
2205150,0,"0 .. 20,000",0
3135240,0,"0 .. 20,000",0
2238890,0,"0 .. 20,000",0
1582380,0,"0 .. 20,000",0
3179720,0,"0 .. 20,000",0
2969210,0,"0 .. 20,000",0
3080030,0,"0 .. 20,000",0
2507700,0,"0 .. 20,000",0
3579880,0,"0 .. 20,000",0
2484280,0,"0 .. 20,000",0
1552260,0,"0 .. 20,000",0
3197190,0,"0 .. 20,000",0
2757400,0,"0 .. 20,000",0
2822570,0,"0 .. 20,000",0
2821600,0,"0 .. 20,000",0
597770,0,"0 .. 20,000",0
467890,0,"0 .. 20,000",0
845590,0,"0 .. 20,000",0
1034810,0,"0 .. 20,000",0
848610,0,"0 .. 20,000",0
926010,0,"0 .. 20,000",0
992750,0,"0 .. 20,000",0
463870,0,"0 .. 20,000",0
733430,0,"0 .. 20,000",0
1118550,0,"0 .. 20,000",0
1161330,0,"0 .. 20,000",0
780160,0,"0 .. 20,000",0
1049570,0,"0 .. 20,000",0
1289170,0,"0 .. 20,000",0
1007970,0,"0 .. 20,000",0
1571950,0,"0 .. 20,000",0
355230,0,"0 .. 20,000",0
766600,0,"0 .. 20,000",0
1048280,0,"0 .. 20,000",0
1307920,0,"0 .. 20,000",0
1121570,0,"0 .. 20,000",0
763320,0,"0 .. 20,000",0
688750,0,"0 .. 20,000",0
1621200,0,"0 .. 20,000",0
592400,0,"0 .. 20,000",0
511700,0,"0 .. 20,000",0
1223660,0,"0 .. 20,000",0
268970,0,"0 .. 20,000",0
383940,0,"0 .. 20,000",0
777000,0,"0 .. 20,000",0
697320,0,"0 .. 20,000",0
394010,0,"0 .. 20,000",0
546150,0,"0 .. 20,000",0
1566090,0,"0 .. 20,000",0
615150,0,"0 .. 20,000",0
613790,0,"0 .. 20,000",73
839960,0,"0 .. 20,000",0
1366010,0,"0 .. 20,000",0
341270,0,"0 .. 20,000",0
1428360,0,"0 .. 20,000",0
1808730,0,"0 .. 20,000",0
912920,0,"0 .. 20,000",0
388910,0,"0 .. 20,000",0
843640,0,"0 .. 20,000",0
625830,0,"0 .. 20,000",0
535630,0,"0 .. 20,000",83
1935940,0,"0 .. 20,000",0
549880,0,"0 .. 20,000",0
369460,0,"0 .. 20,000",0
713500,0,"0 .. 20,000",0
1288940,0,"0 .. 20,000",0
1451420,0,"0 .. 20,000",0
713230,0,"0 .. 20,000",0
699470,0,"0 .. 20,000",0
389260,0,"0 .. 20,000",0
1181440,0,"0 .. 20,000",0
500480,0,"0 .. 20,000",0
893870,0,"0 .. 20,000",0
655620,0,"0 .. 20,000",0
1368120,0,"0 .. 20,000",0
1975160,0,"0 .. 20,000",0
661500,0,"0 .. 20,000",0
576790,0,"0 .. 20,000",0
402800,0,"0 .. 20,000",4
802720,0,"0 .. 20,000",0
568640,0,"0 .. 20,000",0
677240,0,"0 .. 20,000",0
657180,0,"0 .. 20,000",0
566570,0,"0 .. 20,000",0
1235160,0,"0 .. 20,000",0
1140110,0,"0 .. 20,000",0
1653260,0,"0 .. 20,000",0
625580,0,"0 .. 20,000",0
758150,0,"0 .. 20,000",0
1190310,0,"0 .. 20,000",0
781380,0,"0 .. 20,000",0
713610,0,"0 .. 20,000",0
2182570,0,"0 .. 20,000",0
965120,0,"0 .. 20,000",0
982040,0,"0 .. 20,000",18
985000,0,"0 .. 20,000",37
1177100,0,"0 .. 20,000",0
1078550,0,"0 .. 20,000",0
778250,0,"0 .. 20,000",1
2212390,0,"0 .. 20,000",0
1018720,0,"0 .. 20,000",0
262370,0,"0 .. 20,000",0
598240,0,"0 .. 20,000",23
758280,0,"0 .. 20,000",0
601750,0,"0 .. 20,000",0
685910,0,"0 .. 20,000",0
556300,0,"0 .. 20,000",432
2132190,0,"0 .. 20,000",0
817980,0,"0 .. 20,000",0
508520,0,"0 .. 20,000",138
2270000,0,"0 .. 20,000",0
1857340,0,"0 .. 20,000",0
724170,0,"0 .. 20,000",0
432390,0,"0 .. 20,000",0
611080,0,"0 .. 20,000",0
1689880,0,"0 .. 20,000",0
1970970,0,"0 .. 20,000",0
794230,0,"0 .. 20,000",0
625000,0,"0 .. 20,000",0
518110,0,"0 .. 20,000",32
2687130,0,"0 .. 20,000",0
2835960,0,"0 .. 20,000",0
3205320,0,"0 .. 20,000",0
1363980,0,"0 .. 20,000",0
3201310,0,"0 .. 20,000",0
2972530,0,"0 .. 20,000",0
2252900,0,"0 .. 20,000",0
2373860,0,"0 .. 20,000",0
2716600,0,"0 .. 20,000",0
433630,0,"0 .. 20,000",19
1047020,0,"0 .. 20,000",0
1011820,0,"0 .. 20,000",0
2844980,0,"0 .. 20,000",0
1621210,0,"0 .. 20,000",0
858070,0,"0 .. 20,000",0
2223620,0,"0 .. 20,000",0
2446070,0,"0 .. 20,000",0
2498460,0,"0 .. 20,000",0
2245480,0,"0 .. 20,000",0
1299010,0,"0 .. 20,000",0
3217500,0,"0 .. 20,000",0
2951940,0,"0 .. 20,000",0
1581190,0,"0 .. 20,000",0
3000850,0,"0 .. 20,000",0
1444610,0,"0 .. 20,000",0
1832580,0,"0 .. 20,000",0
785560,0,"0 .. 20,000",0
2111590,0,"0 .. 20,000",0
2446250,0,"0 .. 20,000",0
2438010,0,"0 .. 20,000",0
2589130,0,"0 .. 20,000",0
1588590,0,"0 .. 20,000",0
324360,0,"0 .. 20,000",10
846330,0,"0 .. 20,000",0
2906900,0,"0 .. 20,000",0
769930,0,"0 .. 20,000",0
2916040,0,"0 .. 20,000",0
2013080,0,"0 .. 20,000",0
1112010,0,"0 .. 20,000",0
2234100,0,"0 .. 20,000",0
1126950,0,"0 .. 20,000",0
866100,0,"0 .. 20,000",0
542270,0,"0 .. 20,000",0
664240,0,"0 .. 20,000",0
1316460,0,"0 .. 20,000",0
2054300,0,"0 .. 20,000",0
506980,0,"0 .. 20,000",0
991680,0,"0 .. 20,000",0
2789710,0,"0 .. 20,000",0
2790010,0,"0 .. 20,000",0
1756710,0,"0 .. 20,000",0
679100,0,"0 .. 20,000",0
2315080,0,"0 .. 20,000",0
2409670,0,"0 .. 20,000",0
1201750,0,"0 .. 20,000",0
577780,0,"0 .. 20,000",0
1016030,0,"0 .. 20,000",0
665670,0,"0 .. 20,000",0
693430,0,"0 .. 20,000",0
1066010,0,"0 .. 20,000",0
868210,0,"0 .. 20,000",0
1070980,0,"0 .. 20,000",0
1044840,0,"0 .. 20,000",0
1109170,0,"0 .. 20,000",0
1647700,0,"0 .. 20,000",0
511830,0,"0 .. 20,000",35
877680,0,"0 .. 20,000",0
2353190,0,"0 .. 20,000",0
342540,0,"0 .. 20,000",0
391290,0,"0 .. 20,000",0
2143710,0,"0 .. 20,000",0
426240,0,"0 .. 20,000",0
2122080,0,"0 .. 20,000",0
1521820,0,"0 .. 20,000",0
626020,0,"0 .. 20,000",0
514400,0,"0 .. 20,000",3
789700,0,"0 .. 20,000",17
1287790,0,"0 .. 20,000",0
2404420,0,"0 .. 20,000",0
1280590,0,"0 .. 20,000",0
990750,0,"0 .. 20,000",0
411520,0,"0 .. 20,000",0
617750,0,"0 .. 20,000",0
2145830,0,"0 .. 20,000",0
669990,0,"0 .. 20,000",0
1256870,0,"0 .. 20,000",0
698960,0,"0 .. 20,000",0
727330,0,"0 .. 20,000",0
1140720,0,"0 .. 20,000",0
737660,0,"0 .. 20,000",0
1911010,0,"0 .. 20,000",0
2139500,0,"0 .. 20,000",0
527950,0,"0 .. 20,000",0
1331030,0,"0 .. 20,000",0
1552830,0,"0 .. 20,000",0
1395780,0,"0 .. 20,000",0
831150,0,"0 .. 20,000",0
796500,0,"0 .. 20,000",0
1499230,0,"0 .. 20,000",0
599430,0,"0 .. 20,000",0
1855930,0,"0 .. 20,000",0
468130,0,"0 .. 20,000",0
948330,0,"0 .. 20,000",0
1791650,0,"0 .. 20,000",0
733910,0,"0 .. 20,000",0
885480,0,"0 .. 20,000",0
1553180,0,"0 .. 20,000",0
2679740,0,"0 .. 20,000",0
1211610,0,"0 .. 20,000",0
2490300,0,"0 .. 20,000",0
816730,0,"0 .. 20,000",0
623800,0,"0 .. 20,000",0
611970,0,"0 .. 20,000",0
883810,0,"0 .. 20,000",0
868480,0,"0 .. 20,000",0
939740,0,"0 .. 20,000",0
638830,0,"0 .. 20,000",0
796800,0,"0 .. 20,000",0
971530,0,"0 .. 20,000",0
568240,0,"0 .. 20,000",0
1330610,0,"0 .. 20,000",0
1653980,0,"0 .. 20,000",0
955030,0,"0 .. 20,000",0
982120,0,"0 .. 20,000",0
699570,0,"0 .. 20,000",0
1111990,0,"0 .. 20,000",0
1979300,0,"0 .. 20,000",0
1289240,0,"0 .. 20,000",0
416390,0,"0 .. 20,000",0
1849070,0,"0 .. 20,000",0
1626490,0,"0 .. 20,000",0
1212640,0,"0 .. 20,000",0
859560,0,"0 .. 20,000",0
782290,0,"0 .. 20,000",0
871150,0,"0 .. 20,000",0
691680,0,"0 .. 20,000",0
806840,0,"0 .. 20,000",0
1189820,0,"0 .. 20,000",0
1342520,0,"0 .. 20,000",0
242610,0,"0 .. 20,000",0
2478940,0,"0 .. 20,000",0
466290,0,"0 .. 20,000",0
1522970,0,"0 .. 20,000",0
822840,0,"0 .. 20,000",0
1352480,0,"0 .. 20,000",0
1015120,0,"0 .. 20,000",0
556680,0,"0 .. 20,000",0
720330,0,"0 .. 20,000",0
431360,0,"0 .. 20,000",0
2169370,0,"0 .. 20,000",0
762380,0,"0 .. 20,000",0
1558290,0,"0 .. 20,000",0
1380320,0,"0 .. 20,000",0
1703500,0,"0 .. 20,000",0
698600,0,"0 .. 20,000",0
1077030,0,"0 .. 20,000",0
1019080,0,"0 .. 20,000",0
899000,0,"0 .. 20,000",0
663160,0,"0 .. 20,000",0
1152640,0,"0 .. 20,000",0
694870,0,"0 .. 20,000",0
911010,0,"0 .. 20,000",0
896510,0,"0 .. 20,000",0
432480,0,"0 .. 20,000",0
553740,0,"0 .. 20,000",0
1005920,0,"0 .. 20,000",0
1030410,0,"0 .. 20,000",0
972920,0,"0 .. 20,000",0
553560,0,"0 .. 20,000",0
703490,0,"0 .. 20,000",0
694760,0,"0 .. 20,000",0
862490,0,"0 .. 20,000",0
660730,0,"0 .. 20,000",0
791140,0,"0 .. 20,000",0
506960,0,"0 .. 20,000",0
603610,0,"0 .. 20,000",0
518000,0,"0 .. 20,000",0
1127320,0,"0 .. 20,000",0
1137050,0,"0 .. 20,000",0
800640,0,"0 .. 20,000",0
461990,0,"0 .. 20,000",0
452240,0,"0 .. 20,000",0
1101840,0,"0 .. 20,000",0
656260,0,"0 .. 20,000",0
554940,0,"0 .. 20,000",0
514370,0,"0 .. 20,000",0
1065770,0,"0 .. 20,000",0
505020,0,"0 .. 20,000",0
694660,0,"0 .. 20,000",222
560010,0,"0 .. 20,000",0
482460,0,"0 .. 20,000",0
1055020,0,"0 .. 20,000",0
818400,0,"0 .. 20,000",0
1686890,0,"0 .. 20,000",0
1659300,0,"0 .. 20,000",0
1398010,0,"0 .. 20,000",0
1482670,0,"0 .. 20,000",0
1227740,0,"0 .. 20,000",0
1118690,0,"0 .. 20,000",0
1049490,0,"0 .. 20,000",0
970260,0,"0 .. 20,000",0
931570,0,"0 .. 20,000",0
908320,0,"0 .. 20,000",0
865170,0,"0 .. 20,000",0
840790,0,"0 .. 20,000",0
790950,0,"0 .. 20,000",0
744760,0,"0 .. 20,000",0
732980,0,"0 .. 20,000",0
675160,0,"0 .. 20,000",0
537920,0,"0 .. 20,000",0
445050,0,"0 .. 20,000",0
1756900,0,"0 .. 20,000",0
668910,0,"0 .. 20,000",0
1112250,0,"0 .. 20,000",0
1109790,0,"0 .. 20,000",0
1039550,0,"0 .. 20,000",0
706570,0,"0 .. 20,000",0
881820,0,"0 .. 20,000",0
756290,0,"0 .. 20,000",0
683150,0,"0 .. 20,000",0
770120,0,"0 .. 20,000",0
661340,0,"0 .. 20,000",0
688210,0,"0 .. 20,000",0
740300,0,"0 .. 20,000",0
602540,0,"0 .. 20,000",0
1455540,0,"0 .. 20,000",0
1197500,0,"0 .. 20,000",0
1170870,0,"0 .. 20,000",0
975690,0,"0 .. 20,000",0
973350,0,"0 .. 20,000",0
881910,0,"0 .. 20,000",0
915420,0,"0 .. 20,000",0
891050,0,"0 .. 20,000",0
897770,0,"0 .. 20,000",0
856160,0,"0 .. 20,000",0
833740,0,"0 .. 20,000",0
786120,0,"0 .. 20,000",0
759040,0,"0 .. 20,000",0
728610,0,"0 .. 20,000",0
647950,0,"0 .. 20,000",0
676170,0,"0 .. 20,000",0
516530,0,"0 .. 20,000",0
496070,0,"0 .. 20,000",0
500920,0,"0 .. 20,000",0
2302760,0,"0 .. 20,000",0
2077210,0,"0 .. 20,000",0
1929770,0,"0 .. 20,000",0
1657550,0,"0 .. 20,000",0
1583730,0,"0 .. 20,000",0
1719230,0,"0 .. 20,000",0
1265380,0,"0 .. 20,000",0
1481030,0,"0 .. 20,000",0
1373890,0,"0 .. 20,000",0
1364180,0,"0 .. 20,000",0
1406980,0,"0 .. 20,000",0
1301650,0,"0 .. 20,000",0
1282580,0,"0 .. 20,000",0
1211230,0,"0 .. 20,000",0
1194650,0,"0 .. 20,000",0
1185580,0,"0 .. 20,000",0
1159040,0,"0 .. 20,000",0
1098360,0,"0 .. 20,000",0
841580,0,"0 .. 20,000",0
908030,0,"0 .. 20,000",0
1054150,0,"0 .. 20,000",0
1041650,0,"0 .. 20,000",0
996140,0,"0 .. 20,000",0
908960,0,"0 .. 20,000",0
708910,0,"0 .. 20,000",0
844620,0,"0 .. 20,000",0
819880,0,"0 .. 20,000",0
771540,0,"0 .. 20,000",0
769170,0,"0 .. 20,000",0
779160,0,"0 .. 20,000",0
757400,0,"0 .. 20,000",0
723050,0,"0 .. 20,000",0
721540,0,"0 .. 20,000",0
694160,0,"0 .. 20,000",0
676460,0,"0 .. 20,000",0
672450,0,"0 .. 20,000",0
591140,0,"0 .. 20,000",0
616050,0,"0 .. 20,000",0
612220,0,"0 .. 20,000",0
567620,0,"0 .. 20,000",0
513310,0,"0 .. 20,000",0
501420,0,"0 .. 20,000",0
456420,0,"0 .. 20,000",0
457790,0,"0 .. 20,000",0
2269770,0,"0 .. 20,000",0
2261690,0,"0 .. 20,000",0
1876060,0,"0 .. 20,000",0
1915900,0,"0 .. 20,000",0
1790810,0,"0 .. 20,000",0
1688130,0,"0 .. 20,000",0
1453820,0,"0 .. 20,000",0
1484750,0,"0 .. 20,000",0
1259160,0,"0 .. 20,000",0
768630,0,"0 .. 20,000",0
1165010,0,"0 .. 20,000",0
1149900,0,"0 .. 20,000",0
1143340,0,"0 .. 20,000",0
1143870,0,"0 .. 20,000",0
1125690,0,"0 .. 20,000",0
1109960,0,"0 .. 20,000",0
1076730,0,"0 .. 20,000",0
985420,0,"0 .. 20,000",0
851240,0,"0 .. 20,000",0
849880,0,"0 .. 20,000",0
848150,0,"0 .. 20,000",0
754380,0,"0 .. 20,000",0
818720,0,"0 .. 20,000",0
723370,0,"0 .. 20,000",0
600180,0,"0 .. 20,000",0
741080,0,"0 .. 20,000",0
693280,0,"0 .. 20,000",0
631950,0,"0 .. 20,000",0
626500,0,"0 .. 20,000",0
586890,0,"0 .. 20,000",0
595470,0,"0 .. 20,000",0
594760,0,"0 .. 20,000",0
527360,0,"0 .. 20,000",0
526960,0,"0 .. 20,000",0
384900,0,"0 .. 20,000",0
540550,0,"0 .. 20,000",0
445350,0,"0 .. 20,000",0
548740,0,"0 .. 20,000",0
548170,0,"0 .. 20,000",0
484990,0,"0 .. 20,000",0
1584140,0,"0 .. 20,000",0
579560,0,"0 .. 20,000",0
501870,0,"0 .. 20,000",0
554610,0,"0 .. 20,000",0
391480,0,"0 .. 20,000",0
503490,0,"0 .. 20,000",0
655340,0,"0 .. 20,000",0
866430,0,"0 .. 20,000",0
945870,0,"0 .. 20,000",0
911320,0,"0 .. 20,000",0
898500,0,"0 .. 20,000",0
578050,0,"0 .. 20,000",0
716060,0,"0 .. 20,000",0
766360,0,"0 .. 20,000",0
688910,0,"0 .. 20,000",0
676540,0,"0 .. 20,000",0
616570,0,"0 .. 20,000",6
2119390,0,"0 .. 20,000",0
2246070,0,"0 .. 20,000",0
2265870,0,"0 .. 20,000",0
765040,0,"0 .. 20,000",0
730170,0,"0 .. 20,000",0
968360,0,"0 .. 20,000",0
516640,0,"0 .. 20,000",0
707860,0,"0 .. 20,000",0
2051040,0,"0 .. 20,000",0
1188670,0,"0 .. 20,000",0
680250,0,"0 .. 20,000",0
2179190,0,"0 .. 20,000",0
1471850,0,"0 .. 20,000",0
979000,0,"0 .. 20,000",0
931210,0,"0 .. 20,000",0
1144350,0,"0 .. 20,000",0
1542610,0,"0 .. 20,000",0
1088910,0,"0 .. 20,000",0
619620,0,"0 .. 20,000",0
400570,0,"0 .. 20,000",0
2491260,0,"0 .. 20,000",0
759980,0,"0 .. 20,000",0
1228820,0,"0 .. 20,000",0
1842540,0,"0 .. 20,000",0
674120,0,"0 .. 20,000",0
2337000,0,"0 .. 20,000",0
760000,0,"0 .. 20,000",0
841970,0,"0 .. 20,000",0
893450,0,"0 .. 20,000",0
1069710,0,"0 .. 20,000",0
567700,0,"0 .. 20,000",0
2132870,0,"0 .. 20,000",0
590600,0,"0 .. 20,000",0
949150,0,"0 .. 20,000",0
876260,0,"0 .. 20,000",0
1668480,0,"0 .. 20,000",0
534240,0,"0 .. 20,000",0
1466530,0,"0 .. 20,000",0
1528980,0,"0 .. 20,000",0
985870,0,"0 .. 20,000",0
949330,0,"0 .. 20,000",0
1917870,0,"0 .. 20,000",0
710240,0,"0 .. 20,000",0
1092180,0,"0 .. 20,000",0
425400,0,"0 .. 20,000",0
729050,0,"0 .. 20,000",0
1859310,0,"0 .. 20,000",0
447100,0,"0 .. 20,000",0
1078780,0,"0 .. 20,000",0
929080,0,"0 .. 20,000",0
2590990,0,"0 .. 20,000",0
713440,0,"0 .. 20,000",0
803570,0,"0 .. 20,000",0
2657620,0,"0 .. 20,000",0
503700,0,"0 .. 20,000",0
1942300,0,"0 .. 20,000",0
1373250,0,"0 .. 20,000",0
1906540,0,"0 .. 20,000",0
1563170,0,"0 .. 20,000",0
1190760,0,"0 .. 20,000",0
673970,0,"0 .. 20,000",0
768470,0,"0 .. 20,000",0
1850100,0,"0 .. 20,000",0
929150,0,"0 .. 20,000",0
1838780,0,"0 .. 20,000",0
1040750,0,"0 .. 20,000",0
2584480,0,"0 .. 20,000",0
1860930,0,"0 .. 20,000",0
863170,0,"0 .. 20,000",0
516900,0,"0 .. 20,000",8
2428480,0,"0 .. 20,000",0
508680,0,"0 .. 20,000",0
1945280,0,"0 .. 20,000",0
2778560,0,"0 .. 20,000",0
1234110,0,"0 .. 20,000",0
828480,0,"0 .. 20,000",0
2329530,0,"0 .. 20,000",0
2644550,0,"0 .. 20,000",0
2100210,0,"0 .. 20,000",0
1167760,0,"0 .. 20,000",0
1425620,0,"0 .. 20,000",0
1191650,0,"0 .. 20,000",0
1258920,0,"0 .. 20,000",0
1721010,0,"0 .. 20,000",0
1936430,0,"0 .. 20,000",0
929910,0,"0 .. 20,000",0
1036800,0,"0 .. 20,000",0
1033250,0,"0 .. 20,000",0
1169500,0,"0 .. 20,000",0
777360,0,"0 .. 20,000",0
922190,0,"0 .. 20,000",0
1189750,0,"0 .. 20,000",0
845110,0,"0 .. 20,000",0
863190,0,"0 .. 20,000",0
755450,0,"0 .. 20,000",0
1553480,0,"0 .. 20,000",0
765170,0,"0 .. 20,000",0
2125580,0,"0 .. 20,000",0
1884140,0,"0 .. 20,000",0
1361570,0,"0 .. 20,000",0
672320,0,"0 .. 20,000",0
580510,0,"0 .. 20,000",0
1398950,0,"0 .. 20,000",0
1021890,0,"0 .. 20,000",0
1274440,0,"0 .. 20,000",0
757060,0,"0 .. 20,000",0
1061250,0,"0 .. 20,000",0
1029230,0,"0 .. 20,000",0
1948330,0,"0 .. 20,000",0
1277650,0,"0 .. 20,000",0
2839190,0,"0 .. 20,000",0
769160,0,"0 .. 20,000",0
3090600,0,"0 .. 20,000",0
882190,0,"0 .. 20,000",0
616650,0,"0 .. 20,000",0
1052420,0,"0 .. 20,000",0
2839440,0,"0 .. 20,000",0
436680,0,"0 .. 20,000",0
2084260,0,"0 .. 20,000",0
2792100,0,"0 .. 20,000",0
748820,0,"0 .. 20,000",0
930470,0,"0 .. 20,000",0
622610,0,"0 .. 20,000",0
877980,0,"0 .. 20,000",0
2552740,0,"0 .. 20,000",0
2654080,0,"0 .. 20,000",0
738450,0,"0 .. 20,000",0
1159960,0,"0 .. 20,000",0
2202480,0,"0 .. 20,000",0
1086250,0,"0 .. 20,000",0
588990,0,"0 .. 20,000",0
757500,0,"0 .. 20,000",0
759920,0,"0 .. 20,000",0
434580,0,"0 .. 20,000",0
713550,0,"0 .. 20,000",0
895940,0,"0 .. 20,000",0
1936630,0,"0 .. 20,000",0
3098390,0,"0 .. 20,000",0
807870,0,"0 .. 20,000",0
2879520,0,"0 .. 20,000",0
2951170,0,"0 .. 20,000",0
1139860,0,"0 .. 20,000",0
937710,0,"0 .. 20,000",0
396700,0,"0 .. 20,000",0
590660,0,"0 .. 20,000",0
894960,0,"0 .. 20,000",0
601700,0,"0 .. 20,000",0
1118320,0,"0 .. 20,000",0
2790820,0,"0 .. 20,000",0
346760,0,"0 .. 20,000",0
863670,0,"0 .. 20,000",0
1013290,0,"0 .. 20,000",0
753490,0,"0 .. 20,000",0
497270,0,"0 .. 20,000",2
1127010,0,"0 .. 20,000",0
395480,0,"0 .. 20,000",112
593730,0,"0 .. 20,000",0
1109940,0,"0 .. 20,000",0
1255680,0,"0 .. 20,000",0
513050,0,"0 .. 20,000",0
1564280,0,"0 .. 20,000",0
2107740,0,"0 .. 20,000",0
959340,0,"0 .. 20,000",0
2983500,0,"0 .. 20,000",0
332150,0,"0 .. 20,000",0
568310,0,"0 .. 20,000",0
3151030,0,"0 .. 20,000",0
2942470,0,"0 .. 20,000",0
2876080,0,"0 .. 20,000",0
2873410,0,"0 .. 20,000",0
577370,0,"0 .. 20,000",0
2146270,0,"0 .. 20,000",0
1838860,0,"0 .. 20,000",0
1599110,0,"0 .. 20,000",0
941150,0,"0 .. 20,000",0
600670,0,"0 .. 20,000",0
808220,0,"0 .. 20,000",0
3237440,0,"0 .. 20,000",0
2457280,0,"0 .. 20,000",0
3031780,0,"0 .. 20,000",0
989460,0,"0 .. 20,000",0
862990,0,"0 .. 20,000",0
1961410,0,"0 .. 20,000",0
2262790,0,"0 .. 20,000",0
3277540,0,"0 .. 20,000",0
748780,0,"0 .. 20,000",0
1002650,0,"0 .. 20,000",0
2948420,0,"0 .. 20,000",0
2200990,0,"0 .. 20,000",0
2093550,0,"0 .. 20,000",0
2376290,0,"0 .. 20,000",0
3160850,0,"0 .. 20,000",0
2516540,0,"0 .. 20,000",0
1530020,0,"0 .. 20,000",0
2213930,0,"0 .. 20,000",0
828410,0,"0 .. 20,000",0
566690,0,"0 .. 20,000",0
2062150,0,"0 .. 20,000",0
3008020,0,"0 .. 20,000",0
1981840,0,"0 .. 20,000",0
666170,0,"0 .. 20,000",0
1627030,0,"0 .. 20,000",0
468350,0,"0 .. 20,000",0
1677650,0,"0 .. 20,000",0
786170,0,"0 .. 20,000",0
2100060,0,"0 .. 20,000",0
768990,0,"0 .. 20,000",0
967290,0,"0 .. 20,000",0
786840,0,"0 .. 20,000",0
1642630,0,"0 .. 20,000",0
2160430,0,"0 .. 20,000",0
2269650,0,"0 .. 20,000",0
2395190,0,"0 .. 20,000",0
1116360,0,"0 .. 20,000",0
1287220,0,"0 .. 20,000",0
2101180,0,"0 .. 20,000",0
2102200,0,"0 .. 20,000",0
2163230,0,"0 .. 20,000",0
2384230,0,"0 .. 20,000",0
2856480,0,"0 .. 20,000",0
3026040,0,"0 .. 20,000",0
1837570,0,"0 .. 20,000",0
2176730,0,"0 .. 20,000",0
2339050,0,"0 .. 20,000",0
2576440,0,"0 .. 20,000",0
3058640,0,"0 .. 20,000",0
1927440,0,"0 .. 20,000",0
777420,0,"0 .. 20,000",0
1019820,0,"0 .. 20,000",0
1010840,0,"0 .. 20,000",0
2005580,0,"0 .. 20,000",0
2026250,0,"0 .. 20,000",0
2704940,0,"0 .. 20,000",0
2956720,0,"0 .. 20,000",0
2975040,0,"0 .. 20,000",0
893710,0,"0 .. 20,000",0
2417890,0,"0 .. 20,000",0
2510950,0,"0 .. 20,000",0
1449620,0,"0 .. 20,000",0
3164490,0,"0 .. 20,000",0
661050,0,"0 .. 20,000",0
864760,0,"0 .. 20,000",0
1071860,0,"0 .. 20,000",0
1781430,0,"0 .. 20,000",0
677770,0,"0 .. 20,000",0
2349590,0,"0 .. 20,000",0
2377340,0,"0 .. 20,000",0
3030860,0,"0 .. 20,000",0
737260,0,"0 .. 20,000",0
1103140,0,"0 .. 20,000",0
2386560,0,"0 .. 20,000",0
3090920,0,"0 .. 20,000",0
2108550,0,"0 .. 20,000",0
626570,0,"0 .. 20,000",0
2220740,0,"0 .. 20,000",0
1064320,0,"0 .. 20,000",0
1299890,0,"0 .. 20,000",0
1333860,0,"0 .. 20,000",0
1584460,0,"0 .. 20,000",0
2152420,0,"0 .. 20,000",0
2874860,0,"0 .. 20,000",0
2200450,0,"0 .. 20,000",0
961450,0,"0 .. 20,000",0
1266480,0,"0 .. 20,000",0
2137620,0,"0 .. 20,000",0
2704060,0,"0 .. 20,000",0
496520,0,"0 .. 20,000",0
718020,0,"0 .. 20,000",0
1176060,0,"0 .. 20,000",0
1966660,0,"0 .. 20,000",0
2533260,0,"0 .. 20,000",0
2928490,0,"0 .. 20,000",0
804400,0,"0 .. 20,000",0
418940,0,"0 .. 20,000",0
1909150,0,"0 .. 20,000",0
2654680,0,"0 .. 20,000",0
2818640,0,"0 .. 20,000",0
1156550,0,"0 .. 20,000",0
1427640,0,"0 .. 20,000",0
2050380,0,"0 .. 20,000",0
2349400,0,"0 .. 20,000",0
2573030,0,"0 .. 20,000",0
1477010,0,"0 .. 20,000",0
2370990,0,"0 .. 20,000",0
1323610,0,"0 .. 20,000",0
1693480,0,"0 .. 20,000",0
2216260,0,"0 .. 20,000",0
2960540,0,"0 .. 20,000",0
934260,0,"0 .. 20,000",0
1252650,0,"0 .. 20,000",0
2788200,0,"0 .. 20,000",0
729390,0,"0 .. 20,000",0
2133440,0,"0 .. 20,000",0
2602290,0,"0 .. 20,000",0
2625340,0,"0 .. 20,000",0
1128970,0,"0 .. 20,000",0
1965260,0,"0 .. 20,000",0
2493910,0,"0 .. 20,000",0
2348440,0,"0 .. 20,000",0
2871040,0,"0 .. 20,000",0
246820,0,"0 .. 20,000",0
966190,0,"0 .. 20,000",0
2408920,0,"0 .. 20,000",0
2622140,0,"0 .. 20,000",0
2534250,0,"0 .. 20,000",0
1376960,0,"0 .. 20,000",0
1460440,0,"0 .. 20,000",0
1698850,0,"0 .. 20,000",0
803020,0,"0 .. 20,000",0
2427290,0,"0 .. 20,000",0
3144160,0,"0 .. 20,000",0
1079790,0,"0 .. 20,000",0
1265510,0,"0 .. 20,000",0
3088440,0,"0 .. 20,000",0
1928030,0,"0 .. 20,000",0
2682600,0,"0 .. 20,000",0
3052520,0,"0 .. 20,000",0
1221050,0,"0 .. 20,000",0
1292550,0,"0 .. 20,000",0
1366610,0,"0 .. 20,000",0
1558670,0,"0 .. 20,000",0
1828800,0,"0 .. 20,000",0
1899300,0,"0 .. 20,000",36
1355440,0,"0 .. 20,000",0
2512080,0,"0 .. 20,000",23
2798880,0,"0 .. 20,000",0
1687100,0,"0 .. 20,000",0
611720,0,"0 .. 20,000",0
1751270,0,"0 .. 20,000",0
1871740,0,"0 .. 20,000",0
2699340,0,"0 .. 20,000",0
833500,0,"0 .. 20,000",0
2409390,0,"0 .. 20,000",0
1355640,0,"0 .. 20,000",69
2157650,0,"0 .. 20,000",0
1297660,0,"0 .. 20,000",0
2073220,0,"0 .. 20,000",0
556530,0,"0 .. 20,000",0
2180890,0,"0 .. 20,000",0
2397630,0,"0 .. 20,000",0
2899310,0,"0 .. 20,000",7
2109360,0,"0 .. 20,000",0
1544890,0,"0 .. 20,000",0
3069040,0,"0 .. 20,000",0
601400,0,"0 .. 20,000",0
2750480,0,"0 .. 20,000",189
1351360,0,"0 .. 20,000",155
1476760,0,"0 .. 20,000",0
2075120,0,"0 .. 20,000",0
2429310,0,"0 .. 20,000",0
2840890,0,"0 .. 20,000",0
1797490,0,"0 .. 20,000",0
1521100,0,"0 .. 20,000",0
1489380,0,"0 .. 20,000",1230
1718240,0,"0 .. 20,000",0
665920,0,"0 .. 20,000",7
1678320,0,"0 .. 20,000",194
2839200,0,"0 .. 20,000",0
2210800,0,"0 .. 20,000",0
1143750,0,"0 .. 20,000",0
2099680,0,"0 .. 20,000",0
856570,0,"0 .. 20,000",0
1524110,0,"0 .. 20,000",0
1684010,0,"0 .. 20,000",354
1069050,0,"0 .. 20,000",14
1929900,0,"0 .. 20,000",0
2702470,0,"0 .. 20,000",516
861030,0,"0 .. 20,000",0
862390,0,"0 .. 20,000",81
1388370,0,"0 .. 20,000",144
2286790,0,"0 .. 20,000",0
970300,0,"0 .. 20,000",0
1566540,0,"0 .. 20,000",0
1578960,0,"0 .. 20,000",0
2400960,0,"0 .. 20,000",1348
1089780,0,"0 .. 20,000",122
791770,0,"0 .. 20,000",276
2315020,0,"0 .. 20,000",20
838410,0,"0 .. 20,000",85
2216600,0,"0 .. 20,000",0
623700,0,"0 .. 20,000",164
1309820,0,"0 .. 20,000",421
1342790,0,"0 .. 20,000",85
1163690,0,"0 .. 20,000",0
1326700,0,"0 .. 20,000",0
686680,0,"0 .. 20,000",114
308600,0,"0 .. 20,000",1391
3675360,0,"0 .. 20,000",0
2173850,0,"0 .. 20,000",0
3608020,0,"0 .. 20,000",0
1020550,0,"0 .. 20,000",0
3568290,0,"0 .. 20,000",0
2821750,0,"0 .. 20,000",0
3637170,0,"0 .. 20,000",0
2716620,0,"0 .. 20,000",0
3499750,0,"0 .. 20,000",0
3636000,0,"0 .. 20,000",0
2823160,0,"0 .. 20,000",0
3318580,0,"0 .. 20,000",0
3075890,0,"0 .. 20,000",0
3094800,0,"0 .. 20,000",0
3317190,0,"0 .. 20,000",0
1481370,0,"0 .. 20,000",0
3529400,0,"0 .. 20,000",0
3628070,0,"0 .. 20,000",0
2711210,0,"0 .. 20,000",0
3397390,0,"0 .. 20,000",0
2361070,0,"0 .. 20,000",0
3428940,0,"0 .. 20,000",0
3171560,0,"0 .. 20,000",0
3425320,0,"0 .. 20,000",0
3509160,0,"0 .. 20,000",0
3616910,0,"0 .. 20,000",0
2862290,0,"0 .. 20,000",0
3388340,0,"0 .. 20,000",0
2761350,0,"0 .. 20,000",0
3130660,0,"0 .. 20,000",0
3595010,0,"0 .. 20,000",0
3455040,0,"0 .. 20,000",0
3023600,0,"0 .. 20,000",0
3558720,0,"0 .. 20,000",0
3179140,0,"0 .. 20,000",0
2370420,0,"0 .. 20,000",151
3204120,0,"0 .. 20,000",0
2440750,0,"0 .. 20,000",20
3128280,0,"0 .. 20,000",0
3177280,0,"0 .. 20,000",0
3445340,0,"0 .. 20,000",332
1914060,0,"0 .. 20,000",80
3295810,0,"0 .. 20,000",137
3191990,0,"0 .. 20,000",66
2537300,0,"0 .. 20,000",0
3124850,0,"0 .. 20,000",184
2425150,0,"0 .. 20,000",0
3339330,0,"0 .. 20,000",93
3372420,0,"0 .. 20,000",292
1372660,0,"0 .. 20,000",109
3067950,0,"0 .. 20,000",0
3358360,0,"0 .. 20,000",53
2437570,0,"0 .. 20,000",46
3392420,0,"0 .. 20,000",25
2285550,0,"0 .. 20,000",944
1054460,0,"0 .. 20,000",0
1371270,0,"0 .. 20,000",0
2439020,0,"0 .. 20,000",0
730420,0,"0 .. 20,000",0
1575380,0,"0 .. 20,000",0
1928900,0,"0 .. 20,000",0
2086490,0,"0 .. 20,000",0
1605950,0,"0 .. 20,000",0
1186950,0,"0 .. 20,000",0
1006090,0,"0 .. 20,000",0
938200,0,"0 .. 20,000",0
1486190,0,"0 .. 20,000",0
2225680,0,"0 .. 20,000",0
1837910,0,"0 .. 20,000",0
2949950,0,"0 .. 20,000",0
389710,0,"0 .. 20,000",0
2701360,0,"0 .. 20,000",0
1371760,0,"0 .. 20,000",0
2426800,0,"0 .. 20,000",0
1189190,0,"0 .. 20,000",0
1702210,0,"0 .. 20,000",0
2766220,0,"0 .. 20,000",0
374170,0,"0 .. 20,000",0
1116590,0,"0 .. 20,000",74
1453670,0,"0 .. 20,000",0
1322370,0,"0 .. 20,000",0
946340,0,"0 .. 20,000",0
676960,0,"0 .. 20,000",0
1720210,0,"0 .. 20,000",0
1134610,0,"0 .. 20,000",0
2285520,0,"0 .. 20,000",0
1206490,0,"0 .. 20,000",0
1281610,0,"0 .. 20,000",0
1666070,0,"0 .. 20,000",0
1372990,0,"0 .. 20,000",0
2055470,0,"0 .. 20,000",0
1551000,0,"0 .. 20,000",0
2828260,0,"0 .. 20,000",0
1024950,0,"0 .. 20,000",0
1290090,0,"0 .. 20,000",0
2461580,0,"0 .. 20,000",0
2521730,0,"0 .. 20,000",0
2216090,0,"0 .. 20,000",0
1464620,0,"0 .. 20,000",0
2852500,0,"0 .. 20,000",0
2215060,0,"0 .. 20,000",0
639220,0,"0 .. 20,000",0
368040,0,"0 .. 20,000",0
1217930,0,"0 .. 20,000",0
2109340,0,"0 .. 20,000",0
2788600,0,"0 .. 20,000",0
1780840,0,"0 .. 20,000",40
886630,0,"0 .. 20,000",0
2504540,0,"0 .. 20,000",0
1274090,0,"0 .. 20,000",0
1799520,0,"0 .. 20,000",1869
659920,0,"0 .. 20,000",56
1587260,0,"0 .. 20,000",0
640300,0,"0 .. 20,000",79
1385460,0,"0 .. 20,000",0
2786160,0,"0 .. 20,000",0
2206390,0,"0 .. 20,000",89
1451110,0,"0 .. 20,000",0
892380,0,"0 .. 20,000",0
1428470,0,"0 .. 20,000",15
3274780,0,"0 .. 20,000",0
3405990,0,"0 .. 20,000",0
2125350,0,"0 .. 20,000",0
3236230,0,"0 .. 20,000",0
3316800,0,"0 .. 20,000",0
3346740,0,"0 .. 20,000",0
3357680,0,"0 .. 20,000",0
3437850,0,"0 .. 20,000",0
3595220,0,"0 .. 20,000",0
3316580,0,"0 .. 20,000",0
3563450,0,"0 .. 20,000",0
3717170,0,"0 .. 20,000",0
3258500,0,"0 .. 20,000",0
2909270,0,"0 .. 20,000",0
3310750,0,"0 .. 20,000",0
3699100,0,"0 .. 20,000",0
3357810,0,"0 .. 20,000",0
3520350,0,"0 .. 20,000",0
3343440,0,"0 .. 20,000",0
2505510,0,"0 .. 20,000",0
3488790,0,"0 .. 20,000",0
3529560,0,"0 .. 20,000",0
3621000,0,"0 .. 20,000",0
3696160,0,"0 .. 20,000",0
1213530,0,"0 .. 20,000",0
2951380,0,"0 .. 20,000",0
3521330,0,"0 .. 20,000",0
1683450,0,"0 .. 20,000",0
3434430,0,"0 .. 20,000",0
1782760,0,"0 .. 20,000",0
3502060,0,"0 .. 20,000",0
3402730,0,"0 .. 20,000",0
3417180,0,"0 .. 20,000",0
3489080,0,"0 .. 20,000",0
3491280,0,"0 .. 20,000",0
2510180,0,"0 .. 20,000",0
3217050,0,"0 .. 20,000",0
3320390,0,"0 .. 20,000",0
3554520,0,"0 .. 20,000",0
2840910,0,"0 .. 20,000",0
3391170,0,"0 .. 20,000",0
1285430,0,"0 .. 20,000",0
3231480,0,"0 .. 20,000",0
2446010,0,"0 .. 20,000",0
1795190,0,"0 .. 20,000",0
3422580,0,"0 .. 20,000",0
3144770,0,"0 .. 20,000",0
3546240,0,"0 .. 20,000",0
3062680,0,"0 .. 20,000",0
1175770,0,"0 .. 20,000",0
3417500,0,"0 .. 20,000",0
2752710,0,"0 .. 20,000",0
2745490,0,"0 .. 20,000",0
2785570,0,"0 .. 20,000",116
2437330,0,"0 .. 20,000",0
971220,0,"0 .. 20,000",0
2635050,0,"0 .. 20,000",0
3061070,0,"0 .. 20,000",0
2541890,0,"0 .. 20,000",530
2012390,0,"0 .. 20,000",0
3308550,0,"0 .. 20,000",0
3314340,0,"0 .. 20,000",120
1938050,0,"0 .. 20,000",0
3060170,0,"0 .. 20,000",75
592640,0,"0 .. 20,000",0
802320,0,"0 .. 20,000",0
1258990,0,"0 .. 20,000",0
1463930,0,"0 .. 20,000",0
786740,0,"0 .. 20,000",0
893650,0,"0 .. 20,000",0
2806840,0,"0 .. 20,000",0
987060,0,"0 .. 20,000",0
1134140,0,"0 .. 20,000",0
1134470,0,"0 .. 20,000",0
2156810,0,"0 .. 20,000",0
2332680,0,"0 .. 20,000",0
2235210,0,"0 .. 20,000",0
567840,0,"0 .. 20,000",0
2120670,0,"0 .. 20,000",0
2382090,0,"0 .. 20,000",0
1503480,0,"0 .. 20,000",0
2224760,0,"0 .. 20,000",0
2480680,0,"0 .. 20,000",0
602550,0,"0 .. 20,000",0
1098140,0,"0 .. 20,000",0
1873140,0,"0 .. 20,000",0
1101290,0,"0 .. 20,000",0
1344210,0,"0 .. 20,000",0
938710,0,"0 .. 20,000",0
505550,0,"0 .. 20,000",0
1852940,0,"0 .. 20,000",0
966590,0,"0 .. 20,000",0
629970,0,"0 .. 20,000",0
1113220,0,"0 .. 20,000",0
2230290,0,"0 .. 20,000",0
2471060,0,"0 .. 20,000",0
2614550,0,"0 .. 20,000",0
2681260,0,"0 .. 20,000",0
450760,0,"0 .. 20,000",189
1006140,0,"0 .. 20,000",0
1134320,0,"0 .. 20,000",0
2443960,0,"0 .. 20,000",0
566870,0,"0 .. 20,000",0
2869960,0,"0 .. 20,000",0
2934150,0,"0 .. 20,000",0
843730,0,"0 .. 20,000",0
2104750,0,"0 .. 20,000",0
2141040,0,"0 .. 20,000",0
2160380,0,"0 .. 20,000",0
1232590,0,"0 .. 20,000",0
2179440,0,"0 .. 20,000",334
3147660,0,"0 .. 20,000",0
3219160,0,"0 .. 20,000",0
3050920,0,"0 .. 20,000",0
2559970,0,"0 .. 20,000",0
2990500,0,"0 .. 20,000",0
2777980,0,"0 .. 20,000",0
3192160,0,"0 .. 20,000",0
3060310,0,"0 .. 20,000",0
3157540,0,"0 .. 20,000",0
3372510,0,"0 .. 20,000",0
3288650,0,"0 .. 20,000",0
3313800,0,"0 .. 20,000",0
2701310,0,"0 .. 20,000",0
3002720,0,"0 .. 20,000",0
2380600,0,"0 .. 20,000",0
2449720,0,"0 .. 20,000",0
3167960,0,"0 .. 20,000",0
2648150,0,"0 .. 20,000",0
3464180,0,"0 .. 20,000",0
3391340,0,"0 .. 20,000",0
2862620,0,"0 .. 20,000",0
3108140,0,"0 .. 20,000",0
3157000,0,"0 .. 20,000",0
2459980,0,"0 .. 20,000",0
2052790,0,"0 .. 20,000",0
2940030,0,"0 .. 20,000",0
2739130,0,"0 .. 20,000",0
2892060,0,"0 .. 20,000",0
1263170,0,"0 .. 20,000",0
1568530,0,"0 .. 20,000",0
3011260,0,"0 .. 20,000",0
3035490,0,"0 .. 20,000",0
2385560,0,"0 .. 20,000",0
433220,0,"0 .. 20,000",0
2928450,0,"0 .. 20,000",0
2971390,0,"0 .. 20,000",0
3412560,0,"0 .. 20,000",0
3371520,0,"0 .. 20,000",0
2571270,0,"0 .. 20,000",0
2802710,0,"0 .. 20,000",19
3053850,0,"0 .. 20,000",0
3381170,0,"0 .. 20,000",0
3310510,0,"0 .. 20,000",0
2078010,0,"0 .. 20,000",0
2381060,0,"0 .. 20,000",1706
2933910,0,"0 .. 20,000",0
1823990,0,"0 .. 20,000",27
2413190,0,"0 .. 20,000",380
757780,0,"0 .. 20,000",0
1894940,0,"0 .. 20,000",0
1723750,0,"0 .. 20,000",0
596070,0,"0 .. 20,000",0
2530940,0,"0 .. 20,000",0
1876680,0,"0 .. 20,000",0
1435610,0,"0 .. 20,000",0
1705730,0,"0 .. 20,000",0
1759710,0,"0 .. 20,000",0
950490,0,"0 .. 20,000",0
1969590,0,"0 .. 20,000",0
777250,0,"0 .. 20,000",0
2096480,0,"0 .. 20,000",0
485790,0,"0 .. 20,000",317
2778530,0,"0 .. 20,000",0
1707030,0,"0 .. 20,000",0
884370,0,"0 .. 20,000",0
420900,0,"0 .. 20,000",0
654740,0,"0 .. 20,000",0
1574850,0,"0 .. 20,000",0
1000800,0,"0 .. 20,000",0
493460,0,"0 .. 20,000",0
1372730,0,"0 .. 20,000",0
1261020,0,"0 .. 20,000",0
2526450,0,"0 .. 20,000",0
695660,0,"0 .. 20,000",0
535160,0,"0 .. 20,000",284
626730,0,"0 .. 20,000",0
2450930,0,"0 .. 20,000",0
657560,0,"0 .. 20,000",0
2391200,0,"0 .. 20,000",0
1502480,0,"0 .. 20,000",0
1886080,0,"0 .. 20,000",0
1018870,0,"0 .. 20,000",0
1831370,0,"0 .. 20,000",0
1447870,0,"0 .. 20,000",0
2483760,0,"0 .. 20,000",0
2620460,0,"0 .. 20,000",0
1400850,0,"0 .. 20,000",0
2538030,0,"0 .. 20,000",0
1330180,0,"0 .. 20,000",0
2619120,0,"0 .. 20,000",0
2470630,0,"0 .. 20,000",0
2173300,0,"0 .. 20,000",0
862730,0,"0 .. 20,000",0
404750,0,"0 .. 20,000",0
1304810,0,"0 .. 20,000",0
1724360,0,"0 .. 20,000",0
2098010,0,"0 .. 20,000",0
1929720,0,"0 .. 20,000",0
2263950,0,"0 .. 20,000",0
883930,0,"0 .. 20,000",0
581740,0,"0 .. 20,000",0
779580,0,"0 .. 20,000",3
952930,0,"0 .. 20,000",0
618500,0,"0 .. 20,000",0
1771540,0,"0 .. 20,000",0
937690,0,"0 .. 20,000",0
1663860,0,"0 .. 20,000",0
1523010,0,"0 .. 20,000",0
1353040,0,"0 .. 20,000",0
719970,0,"0 .. 20,000",0
1250240,0,"0 .. 20,000",0
526440,0,"0 .. 20,000",0
876130,0,"0 .. 20,000",0
998150,0,"0 .. 20,000",0
485110,0,"0 .. 20,000",0
701280,0,"0 .. 20,000",0
662780,0,"0 .. 20,000",0
1137820,0,"0 .. 20,000",0
1023340,0,"0 .. 20,000",0
775860,0,"0 .. 20,000",0
841260,0,"0 .. 20,000",0
392290,0,"0 .. 20,000",0
1146480,0,"0 .. 20,000",0
697810,0,"0 .. 20,000",0
1514070,0,"0 .. 20,000",0
1054720,0,"0 .. 20,000",0
1020020,0,"0 .. 20,000",0
1394940,0,"0 .. 20,000",0
700940,0,"0 .. 20,000",0
974160,0,"0 .. 20,000",0
894920,0,"0 .. 20,000",0
527880,0,"0 .. 20,000",0
525760,0,"0 .. 20,000",0
744460,0,"0 .. 20,000",0
888220,0,"0 .. 20,000",0
1064710,0,"0 .. 20,000",0
679080,0,"0 .. 20,000",0
520930,0,"0 .. 20,000",0
515700,0,"0 .. 20,000",0
1222020,0,"0 .. 20,000",0
559140,0,"0 .. 20,000",0
818350,0,"0 .. 20,000",0
689120,0,"0 .. 20,000",0
654940,0,"0 .. 20,000",0
432890,0,"0 .. 20,000",31
565910,0,"0 .. 20,000",0
711300,0,"0 .. 20,000",0
746010,0,"0 .. 20,000",7
504700,0,"0 .. 20,000",0
374120,0,"0 .. 20,000",0
640690,0,"0 .. 20,000",0
612600,0,"0 .. 20,000",184
688800,0,"0 .. 20,000",152
978710,0,"0 .. 20,000",0
526550,0,"0 .. 20,000",0
720510,0,"0 .. 20,000",0
2693990,0,"0 .. 20,000",0
3357860,0,"0 .. 20,000",0
330520,0,"0 .. 20,000",0
264440,0,"0 .. 20,000",0
3374000,0,"0 .. 20,000",0
3174510,0,"0 .. 20,000",0
3193010,0,"0 .. 20,000",0
3037390,0,"0 .. 20,000",0
2895130,0,"0 .. 20,000",0
3209330,0,"0 .. 20,000",0
2739170,0,"0 .. 20,000",0
2530150,0,"0 .. 20,000",0
2284680,0,"0 .. 20,000",0
2920020,0,"0 .. 20,000",0
3056040,0,"0 .. 20,000",0
2383650,0,"0 .. 20,000",0
2978950,0,"0 .. 20,000",0
901000,0,"0 .. 20,000",0
752030,0,"0 .. 20,000",0
314350,0,"0 .. 20,000",0
548860,0,"0 .. 20,000",0
630670,0,"0 .. 20,000",0
745720,0,"0 .. 20,000",0
898440,0,"0 .. 20,000",0
888380,0,"0 .. 20,000",0
1390020,0,"0 .. 20,000",0
3259190,0,"0 .. 20,000",0
1765220,0,"0 .. 20,000",0
2578700,0,"0 .. 20,000",0
1323200,0,"0 .. 20,000",0
776430,0,"0 .. 20,000",0
750420,0,"0 .. 20,000",0
792320,0,"0 .. 20,000",0
541760,0,"0 .. 20,000",0
768570,0,"0 .. 20,000",0
807570,0,"0 .. 20,000",0
2116980,0,"0 .. 20,000",0
822870,0,"0 .. 20,000",0
649660,0,"0 .. 20,000",0
1331390,0,"0 .. 20,000",0
667620,0,"0 .. 20,000",0
1804990,0,"0 .. 20,000",0
1263930,0,"0 .. 20,000",0
2803130,0,"0 .. 20,000",0
2437270,0,"0 .. 20,000",0
1567190,0,"0 .. 20,000",0
1661560,0,"0 .. 20,000",0
1852290,0,"0 .. 20,000",0
2093300,0,"0 .. 20,000",0
992210,0,"0 .. 20,000",0
884880,0,"0 .. 20,000",0
1420690,0,"0 .. 20,000",0
949710,0,"0 .. 20,000",0
1037430,0,"0 .. 20,000",0
908150,0,"0 .. 20,000",0
338030,0,"0 .. 20,000",0
749730,0,"0 .. 20,000",1
877060,0,"0 .. 20,000",0
607160,0,"0 .. 20,000",0
760220,0,"0 .. 20,000",0
665630,0,"0 .. 20,000",0
1980120,0,"0 .. 20,000",0
748600,0,"0 .. 20,000",0
529140,0,"0 .. 20,000",0
1239120,0,"0 .. 20,000",0
929530,0,"0 .. 20,000",0
2468650,0,"0 .. 20,000",0
2009220,0,"0 .. 20,000",0
1982600,0,"0 .. 20,000",0
1597210,0,"0 .. 20,000",0
1433240,0,"0 .. 20,000",0
953640,0,"0 .. 20,000",0
2293780,0,"0 .. 20,000",0
1212110,0,"0 .. 20,000",0
1950820,0,"0 .. 20,000",0
1308270,0,"0 .. 20,000",0
3116480,0,"0 .. 20,000",0
2115110,0,"0 .. 20,000",0
2264770,0,"0 .. 20,000",0
1060890,0,"0 .. 20,000",0
2784040,0,"0 .. 20,000",0
2524530,0,"0 .. 20,000",0
1388690,0,"0 .. 20,000",0
1449760,0,"0 .. 20,000",0
2350190,0,"0 .. 20,000",0
2590710,0,"0 .. 20,000",0
2557770,0,"0 .. 20,000",0
512120,0,"0 .. 20,000",27
553430,0,"0 .. 20,000",0
2226930,0,"0 .. 20,000",0
799570,0,"0 .. 20,000",0
1302400,0,"0 .. 20,000",0
761880,0,"0 .. 20,000",0
463400,0,"0 .. 20,000",0
871330,0,"0 .. 20,000",0
2742500,0,"0 .. 20,000",0
851300,0,"0 .. 20,000",0
333100,0,"0 .. 20,000",0
1139680,0,"0 .. 20,000",0
1385970,0,"0 .. 20,000",0
1116790,0,"0 .. 20,000",0
689600,0,"0 .. 20,000",0
1582790,0,"0 .. 20,000",0
1378320,0,"0 .. 20,000",0
1218590,0,"0 .. 20,000",0
1942380,0,"0 .. 20,000",0
1218480,0,"0 .. 20,000",0
823900,0,"0 .. 20,000",0
1270970,0,"0 .. 20,000",0
1625670,0,"0 .. 20,000",0
684800,0,"0 .. 20,000",0
535240,0,"0 .. 20,000",0
970370,0,"0 .. 20,000",0
1963590,0,"0 .. 20,000",0
971180,0,"0 .. 20,000",0
1014200,0,"0 .. 20,000",0
648060,0,"0 .. 20,000",0
664890,0,"0 .. 20,000",0
1987280,0,"0 .. 20,000",0
650980,0,"0 .. 20,000",0
566800,0,"0 .. 20,000",0
494040,0,"0 .. 20,000",0
846830,0,"0 .. 20,000",0
955550,0,"0 .. 20,000",0
1020560,0,"0 .. 20,000",0
1155500,0,"0 .. 20,000",0
854400,0,"0 .. 20,000",0
1334200,0,"0 .. 20,000",0
1439710,0,"0 .. 20,000",0
1750900,0,"0 .. 20,000",0
1571700,0,"0 .. 20,000",0
1016690,0,"0 .. 20,000",0
1912560,0,"0 .. 20,000",0
2959560,0,"0 .. 20,000",0
2664650,0,"0 .. 20,000",0
1107390,0,"0 .. 20,000",0
777180,0,"0 .. 20,000",106
1021130,0,"0 .. 20,000",0
1614620,0,"0 .. 20,000",0
946500,0,"0 .. 20,000",0
2082960,0,"0 .. 20,000",0
792970,0,"0 .. 20,000",0
1082620,0,"0 .. 20,000",0
2341580,0,"0 .. 20,000",0
2220500,0,"0 .. 20,000",0
2203890,0,"0 .. 20,000",0
3327210,0,"0 .. 20,000",0
3180750,0,"0 .. 20,000",0
3279870,0,"0 .. 20,000",0
2439550,0,"0 .. 20,000",0
908710,0,"0 .. 20,000",0
1810460,0,"0 .. 20,000",0
1873740,0,"0 .. 20,000",0
1285130,0,"0 .. 20,000",0
2679210,0,"0 .. 20,000",0
1602370,0,"0 .. 20,000",0
2538100,0,"0 .. 20,000",0
640250,0,"0 .. 20,000",0
1835260,0,"0 .. 20,000",0
929000,0,"0 .. 20,000",0
1172290,0,"0 .. 20,000",0
1764710,0,"0 .. 20,000",0
2916950,0,"0 .. 20,000",0
2246710,0,"0 .. 20,000",0
833940,0,"0 .. 20,000",0
1976120,0,"0 .. 20,000",0
2241880,0,"0 .. 20,000",0
588550,0,"0 .. 20,000",0
1085730,0,"0 .. 20,000",0
987180,0,"0 .. 20,000",0
626130,0,"0 .. 20,000",0
655200,0,"0 .. 20,000",0
372340,0,"0 .. 20,000",0
2453390,0,"0 .. 20,000",0
624830,0,"0 .. 20,000",0
1068480,0,"0 .. 20,000",0
746990,0,"0 .. 20,000",0
907030,0,"0 .. 20,000",0
718070,0,"0 .. 20,000",0
924660,0,"0 .. 20,000",0
1203660,0,"0 .. 20,000",0
1060810,0,"0 .. 20,000",0
448230,0,"0 .. 20,000",0
990410,0,"0 .. 20,000",0
649120,0,"0 .. 20,000",0
2509330,0,"0 .. 20,000",0
2587010,0,"0 .. 20,000",0
2178510,0,"0 .. 20,000",0
1342360,0,"0 .. 20,000",0
2814370,0,"0 .. 20,000",0
1023760,0,"0 .. 20,000",0
2547510,0,"0 .. 20,000",0
1792660,0,"0 .. 20,000",0
375810,0,"0 .. 20,000",0
2906930,0,"0 .. 20,000",0
802260,0,"0 .. 20,000",0
898910,0,"0 .. 20,000",0
1652300,0,"0 .. 20,000",0
1834290,0,"0 .. 20,000",0
2944670,0,"0 .. 20,000",0
2229950,0,"0 .. 20,000",0
3138220,0,"0 .. 20,000",0
1352130,0,"0 .. 20,000",0
1322330,0,"0 .. 20,000",0
1716830,0,"0 .. 20,000",0
2287030,0,"0 .. 20,000",0
1893940,0,"0 .. 20,000",0
1929500,0,"0 .. 20,000",0
3145070,0,"0 .. 20,000",0
1018860,0,"0 .. 20,000",0
1576660,0,"0 .. 20,000",0
3298840,0,"0 .. 20,000",0
1974110,0,"0 .. 20,000",0
1080200,0,"0 .. 20,000",0
1144820,0,"0 .. 20,000",0
3131780,0,"0 .. 20,000",0
910380,0,"0 .. 20,000",0
2337230,0,"0 .. 20,000",0
2941930,0,"0 .. 20,000",0
1211050,0,"0 .. 20,000",0
953120,0,"0 .. 20,000",0
2368780,0,"0 .. 20,000",0
1613080,0,"0 .. 20,000",0
3032740,0,"0 .. 20,000",0
1136770,0,"0 .. 20,000",0
2764400,0,"0 .. 20,000",0
2115340,0,"0 .. 20,000",0
1574670,0,"0 .. 20,000",0
448880,0,"0 .. 20,000",2
2354930,0,"0 .. 20,000",0
2797240,0,"0 .. 20,000",0
2632570,0,"0 .. 20,000",0
3064530,0,"0 .. 20,000",0
1344690,0,"0 .. 20,000",0
933830,0,"0 .. 20,000",0
2006530,0,"0 .. 20,000",0
2895140,0,"0 .. 20,000",0
2080340,0,"0 .. 20,000",0
1948680,0,"0 .. 20,000",0
774661,0,"0 .. 20,000",0
1375630,0,"0 .. 20,000",0
2794910,0,"0 .. 20,000",0
1143770,0,"0 .. 20,000",0
1846870,0,"0 .. 20,000",0
3335070,0,"0 .. 20,000",0
1795760,0,"0 .. 20,000",0
2410940,0,"0 .. 20,000",0
2958960,0,"0 .. 20,000",0
2843100,0,"0 .. 20,000",0
2014410,0,"0 .. 20,000",0
1759430,0,"0 .. 20,000",0
3230200,0,"0 .. 20,000",0
2698350,0,"0 .. 20,000",0
2648060,0,"0 .. 20,000",0
2211790,0,"0 .. 20,000",0
2160500,0,"0 .. 20,000",0
1672680,0,"0 .. 20,000",0
3474020,0,"0 .. 20,000",0
2050120,0,"0 .. 20,000",0
2826660,0,"0 .. 20,000",0
1251250,0,"0 .. 20,000",0
2204220,0,"0 .. 20,000",0
3143470,0,"0 .. 20,000",0
1851840,0,"0 .. 20,000",0
2265750,0,"0 .. 20,000",0
2925040,0,"0 .. 20,000",0
2214420,0,"0 .. 20,000",0
1694150,0,"0 .. 20,000",0
1841150,0,"0 .. 20,000",0
2938020,0,"0 .. 20,000",0
2233820,0,"0 .. 20,000",0
2264410,0,"0 .. 20,000",0
2754750,0,"0 .. 20,000",0
2339480,0,"0 .. 20,000",0
1425670,0,"0 .. 20,000",0
2701400,0,"0 .. 20,000",0
3435420,0,"0 .. 20,000",0
3092500,0,"0 .. 20,000",0
2554930,0,"0 .. 20,000",0
3139250,0,"0 .. 20,000",0
2158370,0,"0 .. 20,000",0
1551680,0,"0 .. 20,000",0
3018300,0,"0 .. 20,000",0
3392700,0,"0 .. 20,000",0
3450470,0,"0 .. 20,000",0
344220,0,"0 .. 20,000",0
606670,0,"0 .. 20,000",0
501270,0,"0 .. 20,000",0
630280,0,"0 .. 20,000",184
719270,0,"0 .. 20,000",0
806910,0,"0 .. 20,000",0
1095810,0,"0 .. 20,000",0
1059660,0,"0 .. 20,000",0
736240,0,"0 .. 20,000",0
1364580,0,"0 .. 20,000",0
1683050,0,"0 .. 20,000",0
927580,0,"0 .. 20,000",0
1187740,0,"0 .. 20,000",0
553490,0,"0 .. 20,000",0
1193560,0,"0 .. 20,000",0
1022990,0,"0 .. 20,000",0
1291060,0,"0 .. 20,000",0
422890,0,"0 .. 20,000",0
1982990,0,"0 .. 20,000",0
1047620,0,"0 .. 20,000",0
1901580,0,"0 .. 20,000",0
1888200,0,"0 .. 20,000",0
937460,0,"0 .. 20,000",0
444650,0,"0 .. 20,000",68
2180610,0,"0 .. 20,000",0
645860,0,"0 .. 20,000",0
2008110,0,"0 .. 20,000",0
542910,0,"0 .. 20,000",0
677920,0,"0 .. 20,000",0
2404610,0,"0 .. 20,000",0
1978080,0,"0 .. 20,000",0
1279330,0,"0 .. 20,000",0
1517160,0,"0 .. 20,000",0
1358030,0,"0 .. 20,000",0
815280,0,"0 .. 20,000",0
2807390,0,"0 .. 20,000",0
3051700,0,"0 .. 20,000",0
1891010,0,"0 .. 20,000",0
1223380,0,"0 .. 20,000",0
2730480,0,"0 .. 20,000",0
2717610,0,"0 .. 20,000",0
820070,0,"0 .. 20,000",0
940630,0,"0 .. 20,000",0
680970,0,"0 .. 20,000",0
968990,0,"0 .. 20,000",0
2793480,0,"0 .. 20,000",0
2882840,0,"0 .. 20,000",0
2153720,0,"0 .. 20,000",0
2353840,0,"0 .. 20,000",0
2569250,0,"0 .. 20,000",0
2530050,0,"0 .. 20,000",0
2470440,0,"0 .. 20,000",0
3065500,0,"0 .. 20,000",0
1399140,0,"0 .. 20,000",0
1581750,0,"0 .. 20,000",0
2840110,0,"0 .. 20,000",0
2576250,0,"0 .. 20,000",0
1994400,0,"0 .. 20,000",0
1810510,0,"0 .. 20,000",0
1330290,0,"0 .. 20,000",0
1345140,0,"0 .. 20,000",0
2051870,0,"0 .. 20,000",0
1390690,0,"0 .. 20,000",0
3055550,0,"0 .. 20,000",0
3014230,0,"0 .. 20,000",0
2674990,0,"0 .. 20,000",0
3480010,0,"0 .. 20,000",0
3237290,0,"0 .. 20,000",0
3189580,0,"0 .. 20,000",0
2934630,0,"0 .. 20,000",0
1765010,0,"0 .. 20,000",0
2680130,0,"0 .. 20,000",0
1336840,0,"0 .. 20,000",0
2808320,0,"0 .. 20,000",0
2174460,0,"0 .. 20,000",0
3221000,0,"0 .. 20,000",0
1439320,0,"0 .. 20,000",0
2363260,0,"0 .. 20,000",0
1936940,0,"0 .. 20,000",0
952000,0,"0 .. 20,000",0
2486520,0,"0 .. 20,000",0
2626070,0,"0 .. 20,000",0
3454040,0,"0 .. 20,000",0
3226910,0,"0 .. 20,000",0
3448850,0,"0 .. 20,000",0
2350290,0,"0 .. 20,000",0
1837020,0,"0 .. 20,000",0
1534490,0,"0 .. 20,000",0
3201720,0,"0 .. 20,000",0
2210500,0,"0 .. 20,000",0
2588630,0,"0 .. 20,000",0
2889510,0,"0 .. 20,000",0
2864800,0,"0 .. 20,000",0
2696570,0,"0 .. 20,000",0
2725660,0,"0 .. 20,000",0
959240,0,"0 .. 20,000",0
2070210,0,"0 .. 20,000",0
2506910,0,"0 .. 20,000",0
2685060,0,"0 .. 20,000",0
2578800,0,"0 .. 20,000",0
2774490,0,"0 .. 20,000",0
2892170,0,"0 .. 20,000",0
1922670,0,"0 .. 20,000",0
1624750,0,"0 .. 20,000",0
2671770,0,"0 .. 20,000",0
2803540,0,"0 .. 20,000",0
3356080,0,"0 .. 20,000",0
2774800,0,"0 .. 20,000",0
3331770,0,"0 .. 20,000",0
2331600,0,"0 .. 20,000",0
2192120,0,"0 .. 20,000",0
2364540,0,"0 .. 20,000",0
781960,0,"0 .. 20,000",0
1568030,0,"0 .. 20,000",0
2482640,0,"0 .. 20,000",0
3273230,0,"0 .. 20,000",0
1708730,0,"0 .. 20,000",0
1147090,0,"0 .. 20,000",0
3465370,0,"0 .. 20,000",0
2355000,0,"0 .. 20,000",0
2779150,0,"0 .. 20,000",0
2382230,0,"0 .. 20,000",0
2290280,0,"0 .. 20,000",0
3310020,0,"0 .. 20,000",0
2616440,0,"0 .. 20,000",0
1625390,0,"0 .. 20,000",0
2960070,0,"0 .. 20,000",0
2057110,0,"0 .. 20,000",0
1917370,0,"0 .. 20,000",0
2516270,0,"0 .. 20,000",0
2990970,0,"0 .. 20,000",0
3503400,0,"0 .. 20,000",0
2774560,0,"0 .. 20,000",0
2581600,0,"0 .. 20,000",0
1801360,0,"0 .. 20,000",0
2702920,0,"0 .. 20,000",0
2316840,0,"0 .. 20,000",0
2732290,0,"0 .. 20,000",0
1726100,0,"0 .. 20,000",0
2366240,0,"0 .. 20,000",0
2250780,0,"0 .. 20,000",0
1659760,0,"0 .. 20,000",0
1683630,0,"0 .. 20,000",0
3213000,0,"0 .. 20,000",0
1640700,0,"0 .. 20,000",0
1948290,0,"0 .. 20,000",0
2192460,0,"0 .. 20,000",0
2870610,0,"0 .. 20,000",0
2396900,0,"0 .. 20,000",0
2660980,0,"0 .. 20,000",0
2913890,0,"0 .. 20,000",0
2817270,0,"0 .. 20,000",0
1574060,0,"0 .. 20,000",0
3284110,0,"0 .. 20,000",0
3119820,0,"0 .. 20,000",0
2480650,0,"0 .. 20,000",0
1855420,0,"0 .. 20,000",0
3261460,0,"0 .. 20,000",0
2068210,0,"0 .. 20,000",0
3543130,0,"0 .. 20,000",0
2931790,0,"0 .. 20,000",0
1969430,0,"0 .. 20,000",0
2534660,0,"0 .. 20,000",0
1382980,0,"0 .. 20,000",0
2475450,0,"0 .. 20,000",0
2346230,0,"0 .. 20,000",0
2258380,0,"0 .. 20,000",0
3355690,0,"0 .. 20,000",0
3040570,0,"0 .. 20,000",0
2546170,0,"0 .. 20,000",0
2351200,0,"0 .. 20,000",0
2483630,0,"0 .. 20,000",0
2594870,0,"0 .. 20,000",0
3156110,0,"0 .. 20,000",0
2818590,0,"0 .. 20,000",0
2802410,0,"0 .. 20,000",0
2587780,0,"0 .. 20,000",0
2524950,0,"0 .. 20,000",0
2340980,0,"0 .. 20,000",0
3086680,0,"0 .. 20,000",0
3099750,0,"0 .. 20,000",0
2324520,0,"0 .. 20,000",0
3077560,0,"0 .. 20,000",0
1542630,0,"0 .. 20,000",0
2490760,0,"0 .. 20,000",0
2340670,0,"0 .. 20,000",0
2603560,0,"0 .. 20,000",0
2972770,0,"0 .. 20,000",0
3666640,0,"0 .. 20,000",0
3440580,0,"0 .. 20,000",0
2894100,0,"0 .. 20,000",0
2669830,0,"0 .. 20,000",0
1966810,0,"0 .. 20,000",0
3323460,0,"0 .. 20,000",0
3346300,0,"0 .. 20,000",0
3252940,0,"0 .. 20,000",0
1165560,0,"0 .. 20,000",0
3465900,0,"0 .. 20,000",0
2629410,0,"0 .. 20,000",0
1583290,0,"0 .. 20,000",0
3199900,0,"0 .. 20,000",0
2691790,0,"0 .. 20,000",0
3409460,0,"0 .. 20,000",0
2844320,0,"0 .. 20,000",0
3106880,0,"0 .. 20,000",0
2523640,0,"0 .. 20,000",0
2190980,0,"0 .. 20,000",0
2989730,0,"0 .. 20,000",0
2853810,0,"0 .. 20,000",0
3170160,0,"0 .. 20,000",0
2665660,0,"0 .. 20,000",0
2429360,0,"0 .. 20,000",0
2465460,0,"0 .. 20,000",0
3250720,0,"0 .. 20,000",0
3118900,0,"0 .. 20,000",0
2570710,0,"0 .. 20,000",0
2474250,0,"0 .. 20,000",0
1834980,0,"0 .. 20,000",0
2826540,0,"0 .. 20,000",0
2126370,0,"0 .. 20,000",0
1025900,0,"0 .. 20,000",0
3146590,0,"0 .. 20,000",0
3234480,0,"0 .. 20,000",0
3211780,0,"0 .. 20,000",0
2736360,0,"0 .. 20,000",0
2643850,0,"0 .. 20,000",0
2652670,0,"0 .. 20,000",0
1986560,0,"0 .. 20,000",0
1711280,0,"0 .. 20,000",0
3164570,0,"0 .. 20,000",0
3089280,0,"0 .. 20,000",0
2879810,0,"0 .. 20,000",0
3321790,0,"0 .. 20,000",0
3037460,0,"0 .. 20,000",0
3103320,0,"0 .. 20,000",0
2946130,0,"0 .. 20,000",0
3001310,0,"0 .. 20,000",0
2927910,0,"0 .. 20,000",0
2616890,0,"0 .. 20,000",0
2556620,0,"0 .. 20,000",0
3108260,0,"0 .. 20,000",0
2883180,0,"0 .. 20,000",0
2945510,0,"0 .. 20,000",0
3147960,0,"0 .. 20,000",0
2922690,0,"0 .. 20,000",0
2833800,0,"0 .. 20,000",0
3461300,0,"0 .. 20,000",0
2536600,0,"0 .. 20,000",0
2443170,0,"0 .. 20,000",0
2070170,0,"0 .. 20,000",0
1715030,0,"0 .. 20,000",0
3026100,0,"0 .. 20,000",0
3122490,0,"0 .. 20,000",0
2439700,0,"0 .. 20,000",0
2559500,0,"0 .. 20,000",0
3343790,0,"0 .. 20,000",0
3032230,0,"0 .. 20,000",0
3490230,0,"0 .. 20,000",0
3074830,0,"0 .. 20,000",0
2158210,0,"0 .. 20,000",0
3398900,0,"0 .. 20,000",0
2645040,0,"0 .. 20,000",0
3221870,0,"0 .. 20,000",0
3143880,0,"0 .. 20,000",0
2479150,0,"0 .. 20,000",0
3600670,0,"0 .. 20,000",0
3432420,0,"0 .. 20,000",0
2634700,0,"0 .. 20,000",0
2579400,0,"0 .. 20,000",0
2954640,0,"0 .. 20,000",0
2191770,0,"0 .. 20,000",0
3119780,0,"0 .. 20,000",0
2563760,0,"0 .. 20,000",0
2540670,0,"0 .. 20,000",0
2447120,0,"0 .. 20,000",0
2514910,0,"0 .. 20,000",0
3120050,0,"0 .. 20,000",0
3108580,0,"0 .. 20,000",0
3537650,0,"0 .. 20,000",0
3488500,0,"0 .. 20,000",0
2572100,0,"0 .. 20,000",0
3166250,0,"0 .. 20,000",0
2506540,0,"0 .. 20,000",0
3647630,0,"0 .. 20,000",0
3447310,0,"0 .. 20,000",0
3713730,0,"0 .. 20,000",0
3370510,0,"0 .. 20,000",0
2382070,0,"0 .. 20,000",0
2935280,0,"0 .. 20,000",0
3720670,0,"0 .. 20,000",0
3088790,0,"0 .. 20,000",0
2258130,0,"0 .. 20,000",0
3345150,0,"0 .. 20,000",0
397760,0,"0 .. 20,000",0
1634430,0,"0 .. 20,000",0
2944960,0,"0 .. 20,000",0
1152440,0,"0 .. 20,000",0
2597470,0,"0 .. 20,000",0
813930,0,"0 .. 20,000",0
2486570,0,"0 .. 20,000",0
701950,0,"0 .. 20,000",0
1820380,0,"0 .. 20,000",0
2454950,0,"0 .. 20,000",0
2472740,0,"0 .. 20,000",0
2880080,0,"0 .. 20,000",0
968920,0,"0 .. 20,000",0
2703170,0,"0 .. 20,000",0
3249910,0,"0 .. 20,000",0
2587040,0,"0 .. 20,000",0
2097730,0,"0 .. 20,000",0
966140,0,"0 .. 20,000",0
2438770,0,"0 .. 20,000",0
1382290,0,"0 .. 20,000",0
2181480,0,"0 .. 20,000",0
1525560,0,"0 .. 20,000",0
2233950,0,"0 .. 20,000",0
1777980,0,"0 .. 20,000",0
1513800,0,"0 .. 20,000",0
3424820,0,"0 .. 20,000",0
3240230,0,"0 .. 20,000",0
1553990,0,"0 .. 20,000",0
1304690,0,"0 .. 20,000",0
2271300,0,"0 .. 20,000",0
1469460,0,"0 .. 20,000",0
2906500,0,"0 .. 20,000",0
1746280,0,"0 .. 20,000",0
1467560,0,"0 .. 20,000",0
2252530,0,"0 .. 20,000",0
2405730,0,"0 .. 20,000",0
2146050,0,"0 .. 20,000",0
1822010,0,"0 .. 20,000",0
1902180,0,"0 .. 20,000",0
2173810,0,"0 .. 20,000",0
2761340,0,"0 .. 20,000",0
1697590,0,"0 .. 20,000",0
1962220,0,"0 .. 20,000",0
2605880,0,"0 .. 20,000",0
3328740,0,"0 .. 20,000",0
1795820,0,"0 .. 20,000",0
2640580,0,"0 .. 20,000",0
2861360,0,"0 .. 20,000",0
3553970,0,"0 .. 20,000",0
3043120,0,"0 .. 20,000",0
2561080,0,"0 .. 20,000",0
2346320,0,"0 .. 20,000",0
2060470,0,"0 .. 20,000",0
3316590,0,"0 .. 20,000",0
3261890,0,"0 .. 20,000",0
3368350,0,"0 .. 20,000",0
2651810,0,"0 .. 20,000",0
1833020,0,"0 .. 20,000",0
2290200,0,"0 .. 20,000",0
2375410,0,"0 .. 20,000",0
3397820,0,"0 .. 20,000",0
2691450,0,"0 .. 20,000",0
3357910,0,"0 .. 20,000",0
2987530,0,"0 .. 20,000",0
2190910,0,"0 .. 20,000",0
3184510,0,"0 .. 20,000",0
3149250,0,"0 .. 20,000",0
2764600,0,"0 .. 20,000",0
1879240,0,"0 .. 20,000",0
3351020,0,"0 .. 20,000",0
3417350,0,"0 .. 20,000",0
685450,0,"0 .. 20,000",0
633970,0,"0 .. 20,000",0
962290,0,"0 .. 20,000",0
1019260,0,"0 .. 20,000",0
1009900,0,"0 .. 20,000",0
601320,0,"0 .. 20,000",121
1098250,0,"0 .. 20,000",0
1058490,0,"0 .. 20,000",0
439730,0,"0 .. 20,000",0
594360,0,"0 .. 20,000",0
523550,0,"0 .. 20,000",0
856390,0,"0 .. 20,000",0
1283760,0,"0 .. 20,000",0
1012710,0,"0 .. 20,000",0
609410,0,"0 .. 20,000",0
1025650,0,"0 .. 20,000",0
707040,0,"0 .. 20,000",0
737070,0,"0 .. 20,000",0
342660,0,"0 .. 20,000",0
1184960,0,"0 .. 20,000",0
1437680,0,"0 .. 20,000",0
510080,0,"0 .. 20,000",1
639280,0,"0 .. 20,000",113
970450,0,"0 .. 20,000",0
449330,0,"0 .. 20,000",0
1145740,0,"0 .. 20,000",0
1022820,0,"0 .. 20,000",0
434140,0,"0 .. 20,000",0
1236040,0,"0 .. 20,000",0
1168800,0,"0 .. 20,000",0
520120,0,"0 .. 20,000",0
538790,0,"0 .. 20,000",92
827880,0,"0 .. 20,000",369
639240,0,"0 .. 20,000",0
501450,0,"0 .. 20,000",0
1503000,0,"0 .. 20,000",0
340410,0,"0 .. 20,000",0
982020,0,"0 .. 20,000",0
543150,0,"0 .. 20,000",0
1287150,0,"0 .. 20,000",0
1458420,0,"0 .. 20,000",0
862260,0,"0 .. 20,000",0
1224710,0,"0 .. 20,000",0
1155810,0,"0 .. 20,000",0
710250,0,"0 .. 20,000",0
537590,0,"0 .. 20,000",0
756090,0,"0 .. 20,000",0
1103290,0,"0 .. 20,000",0
512830,0,"0 .. 20,000",0
1397720,0,"0 .. 20,000",0
1193100,0,"0 .. 20,000",0
1459070,0,"0 .. 20,000",0
1390300,0,"0 .. 20,000",0
500470,0,"0 .. 20,000",0
985720,0,"0 .. 20,000",0
949990,0,"0 .. 20,000",0
1415630,0,"0 .. 20,000",0
1355570,0,"0 .. 20,000",0
1336830,0,"0 .. 20,000",0
1789360,0,"0 .. 20,000",0
1474410,0,"0 .. 20,000",0
828320,0,"0 .. 20,000",0
727030,0,"0 .. 20,000",0
929640,0,"0 .. 20,000",0
1240530,0,"0 .. 20,000",0
1348930,0,"0 .. 20,000",0
828270,0,"0 .. 20,000",0
762900,0,"0 .. 20,000",0
1794730,0,"0 .. 20,000",0
676550,0,"0 .. 20,000",0
444330,0,"0 .. 20,000",0
1362440,0,"0 .. 20,000",5
722620,0,"0 .. 20,000",0
758660,0,"0 .. 20,000",0
1270570,0,"0 .. 20,000",0
1115620,0,"0 .. 20,000",0
523080,0,"0 .. 20,000",0
510360,0,"0 .. 20,000",0
1533430,0,"0 .. 20,000",0
2216510,0,"0 .. 20,000",0
600190,0,"0 .. 20,000",0
833770,0,"0 .. 20,000",0
694670,0,"0 .. 20,000",0
1068210,0,"0 .. 20,000",0
802310,0,"0 .. 20,000",0
1819430,0,"0 .. 20,000",0
807990,0,"0 .. 20,000",0
1690340,0,"0 .. 20,000",0
2170860,0,"0 .. 20,000",0
1935850,0,"0 .. 20,000",0
1206320,0,"0 .. 20,000",0
1044870,0,"0 .. 20,000",0
1027120,0,"0 .. 20,000",91
1048530,0,"0 .. 20,000",0
1064160,0,"0 .. 20,000",0
800390,0,"0 .. 20,000",0
1074510,0,"0 .. 20,000",0
1600220,0,"0 .. 20,000",0
1066680,0,"0 .. 20,000",0
697430,0,"0 .. 20,000",0
1496150,0,"0 .. 20,000",0
2167550,0,"0 .. 20,000",0
1445010,0,"0 .. 20,000",0
1398130,0,"0 .. 20,000",0
460210,0,"0 .. 20,000",0
743960,0,"0 .. 20,000",0
939230,0,"0 .. 20,000",0
1201380,0,"0 .. 20,000",0
471400,0,"0 .. 20,000",0
1956860,0,"0 .. 20,000",0
811470,0,"0 .. 20,000",0
812610,0,"0 .. 20,000",0
1024220,0,"0 .. 20,000",0
963720,0,"0 .. 20,000",0
1397300,0,"0 .. 20,000",0
927120,0,"0 .. 20,000",0
1772160,0,"0 .. 20,000",0
1501830,0,"0 .. 20,000",0
973450,0,"0 .. 20,000",292
1245570,0,"0 .. 20,000",0
2204850,0,"0 .. 20,000",0
347660,0,"0 .. 20,000",0
708310,0,"0 .. 20,000",21
892310,0,"0 .. 20,000",0
2027130,0,"0 .. 20,000",0
1001970,0,"0 .. 20,000",0
1231670,0,"0 .. 20,000",0
780710,0,"0 .. 20,000",0
2292030,0,"0 .. 20,000",0
2025930,0,"0 .. 20,000",0
1869200,0,"0 .. 20,000",0
459760,0,"0 .. 20,000",0
1499770,0,"0 .. 20,000",0
1111040,0,"0 .. 20,000",0
1947990,0,"0 .. 20,000",0
756300,0,"0 .. 20,000",0
865200,0,"0 .. 20,000",0
632520,0,"0 .. 20,000",0
2183920,0,"0 .. 20,000",0
945310,0,"0 .. 20,000",0
1070160,0,"0 .. 20,000",0
1411370,0,"0 .. 20,000",0
1502610,0,"0 .. 20,000",0
431570,0,"0 .. 20,000",0
2137280,0,"0 .. 20,000",0
612010,0,"0 .. 20,000",0
2010360,0,"0 .. 20,000",0
681670,0,"0 .. 20,000",720
2584280,0,"0 .. 20,000",0
2267010,0,"0 .. 20,000",0
657080,0,"0 .. 20,000",0
989390,0,"0 .. 20,000",0
965140,0,"0 .. 20,000",0
878970,0,"0 .. 20,000",0
453900,0,"0 .. 20,000",0
536460,0,"0 .. 20,000",0
852420,0,"0 .. 20,000",0
704520,0,"0 .. 20,000",0
536050,0,"0 .. 20,000",0
437010,0,"0 .. 20,000",0
762250,0,"0 .. 20,000",0
801080,0,"0 .. 20,000",0
709390,0,"0 .. 20,000",0
801390,0,"0 .. 20,000",0
666270,0,"0 .. 20,000",0
599490,0,"0 .. 20,000",0
848400,0,"0 .. 20,000",0
643930,0,"0 .. 20,000",0
721460,0,"0 .. 20,000",0
859120,0,"0 .. 20,000",0
1785940,0,"0 .. 20,000",14
